geoid,region_type,region_name,year,measure,value,measure_type
11001,county,District of Columbia,2015,tot_adr,424711,count
24017,county,"Charles County, Maryland",2015,tot_adr,71038,count
24021,county,"Frederick County, Maryland",2015,tot_adr,113603,count
24031,county,"Montgomery County, Maryland",2015,tot_adr,476406,count
24033,county,"Prince George's County, Maryland",2015,tot_adr,435889,count
51013,county,"Arlington County, Virginia",2015,tot_adr,141248,count
51059,county,"Fairfax County, Virginia",2015,tot_adr,508919,count
51107,county,"Loudoun County, Virginia",2015,tot_adr,166411,count
51153,county,"Prince William County, Virginia",2015,tot_adr,176811,count
51510,county,"Alexandria city, Virginia",2015,tot_adr,97382,count
51600,county,"Fairfax city, Virginia",2015,tot_adr,15725,count
51610,county,"Falls Church city, Virginia",2015,tot_adr,9119,count
51683,county,"Manassas city, Virginia",2015,tot_adr,19620,count
51685,county,"Manassas Park city, Virginia",2015,tot_adr,6493,count
11001,county,District of Columbia,2015,vac_res_adr,7324,count
24017,county,"Charles County, Maryland",2015,vac_res_adr,278,count
24021,county,"Frederick County, Maryland",2015,vac_res_adr,538,count
24031,county,"Montgomery County, Maryland",2015,vac_res_adr,2537,count
24033,county,"Prince George's County, Maryland",2015,vac_res_adr,5119,count
51013,county,"Arlington County, Virginia",2015,vac_res_adr,347,count
51059,county,"Fairfax County, Virginia",2015,vac_res_adr,1266,count
51107,county,"Loudoun County, Virginia",2015,vac_res_adr,112,count
51153,county,"Prince William County, Virginia",2015,vac_res_adr,482,count
51510,county,"Alexandria city, Virginia",2015,vac_res_adr,196,count
51600,county,"Fairfax city, Virginia",2015,vac_res_adr,23,count
51610,county,"Falls Church city, Virginia",2015,vac_res_adr,37,count
51683,county,"Manassas city, Virginia",2015,vac_res_adr,88,count
51685,county,"Manassas Park city, Virginia",2015,vac_res_adr,19,count
11001,county,District of Columbia,2015,vac_bus_adr,2527,count
24017,county,"Charles County, Maryland",2015,vac_bus_adr,86,count
24021,county,"Frederick County, Maryland",2015,vac_bus_adr,384,count
24031,county,"Montgomery County, Maryland",2015,vac_bus_adr,2408,count
24033,county,"Prince George's County, Maryland",2015,vac_bus_adr,2125,count
51013,county,"Arlington County, Virginia",2015,vac_bus_adr,815,count
51059,county,"Fairfax County, Virginia",2015,vac_bus_adr,2841,count
51107,county,"Loudoun County, Virginia",2015,vac_bus_adr,303,count
51153,county,"Prince William County, Virginia",2015,vac_bus_adr,453,count
51510,county,"Alexandria city, Virginia",2015,vac_bus_adr,379,count
51600,county,"Fairfax city, Virginia",2015,vac_bus_adr,175,count
51610,county,"Falls Church city, Virginia",2015,vac_bus_adr,136,count
51683,county,"Manassas city, Virginia",2015,vac_bus_adr,132,count
51685,county,"Manassas Park city, Virginia",2015,vac_bus_adr,83,count
11001,county,District of Columbia,2015,vac_oth_adr,18,count
24017,county,"Charles County, Maryland",2015,vac_oth_adr,1,count
24021,county,"Frederick County, Maryland",2015,vac_oth_adr,3,count
24031,county,"Montgomery County, Maryland",2015,vac_oth_adr,1,count
24033,county,"Prince George's County, Maryland",2015,vac_oth_adr,9,count
51013,county,"Arlington County, Virginia",2015,vac_oth_adr,0,count
51059,county,"Fairfax County, Virginia",2015,vac_oth_adr,0,count
51107,county,"Loudoun County, Virginia",2015,vac_oth_adr,0,count
51153,county,"Prince William County, Virginia",2015,vac_oth_adr,0,count
51510,county,"Alexandria city, Virginia",2015,vac_oth_adr,0,count
51600,county,"Fairfax city, Virginia",2015,vac_oth_adr,0,count
51610,county,"Falls Church city, Virginia",2015,vac_oth_adr,0,count
51683,county,"Manassas city, Virginia",2015,vac_oth_adr,0,count
51685,county,"Manassas Park city, Virginia",2015,vac_oth_adr,0,count
11001,county,District of Columbia,2015,vac_adr,9869,count
24017,county,"Charles County, Maryland",2015,vac_adr,365,count
24021,county,"Frederick County, Maryland",2015,vac_adr,925,count
24031,county,"Montgomery County, Maryland",2015,vac_adr,4946,count
24033,county,"Prince George's County, Maryland",2015,vac_adr,7253,count
51013,county,"Arlington County, Virginia",2015,vac_adr,1162,count
51059,county,"Fairfax County, Virginia",2015,vac_adr,4107,count
51107,county,"Loudoun County, Virginia",2015,vac_adr,415,count
51153,county,"Prince William County, Virginia",2015,vac_adr,935,count
51510,county,"Alexandria city, Virginia",2015,vac_adr,575,count
51600,county,"Fairfax city, Virginia",2015,vac_adr,198,count
51610,county,"Falls Church city, Virginia",2015,vac_adr,173,count
51683,county,"Manassas city, Virginia",2015,vac_adr,220,count
51685,county,"Manassas Park city, Virginia",2015,vac_adr,102,count
11001,county,District of Columbia,2015,vac_res_per,2.0965308768846307,percent
24017,county,"Charles County, Maryland",2015,vac_res_per,0.4362084385934632,percent
24021,county,"Frederick County, Maryland",2015,vac_res_per,0.5359313051620744,percent
24031,county,"Montgomery County, Maryland",2015,vac_res_per,0.6041324852776937,percent
24033,county,"Prince George's County, Maryland",2015,vac_res_per,1.3587656175760938,percent
51013,county,"Arlington County, Virginia",2015,vac_res_per,0.2828358573920415,percent
51059,county,"Fairfax County, Virginia",2015,vac_res_per,0.2849182379179813,percent
51107,county,"Loudoun County, Virginia",2015,vac_res_per,0.07502327731148727,percent
51153,county,"Prince William County, Virginia",2015,vac_res_per,0.29937144418772205,percent
51510,county,"Alexandria city, Virginia",2015,vac_res_per,0.23246711657751473,percent
51600,county,"Fairfax city, Virginia",2015,vac_res_per,0.19980887846407785,percent
51610,county,"Falls Church city, Virginia",2015,vac_res_per,0.5170486305198435,percent
51683,county,"Manassas city, Virginia",2015,vac_res_per,0.5513784461152882,percent
51685,county,"Manassas Park city, Virginia",2015,vac_res_per,0.3298038534976567,percent
11001,county,District of Columbia,2015,vac_bus_per,6.612413648733514,percent
24017,county,"Charles County, Maryland",2015,vac_bus_per,1.6050765210899591,percent
24021,county,"Frederick County, Maryland",2015,vac_bus_per,3.981750311074243,percent
24031,county,"Montgomery County, Maryland",2015,vac_bus_per,6.480260502166366,percent
24033,county,"Prince George's County, Maryland",2015,vac_bus_per,6.782419967444383,percent
51013,county,"Arlington County, Virginia",2015,vac_bus_per,8.396867916752525,percent
51059,county,"Fairfax County, Virginia",2015,vac_bus_per,6.772186598650808,percent
51107,county,"Loudoun County, Virginia",2015,vac_bus_per,2.4732674883682964,percent
51153,county,"Prince William County, Virginia",2015,vac_bus_per,4.135853190906601,percent
51510,county,"Alexandria city, Virginia",2015,vac_bus_per,5.056704469646431,percent
51600,county,"Fairfax city, Virginia",2015,vac_bus_per,5.350045857535922,percent
51610,county,"Falls Church city, Virginia",2015,vac_bus_per,8.410636982065553,percent
51683,county,"Manassas city, Virginia",2015,vac_bus_per,4.665959703075292,percent
51685,county,"Manassas Park city, Virginia",2015,vac_bus_per,14.664310954063604,percent
11001,county,District of Columbia,2015,vac_oth_per,0.04844439659812681,percent
24017,county,"Charles County, Maryland",2015,vac_oth_per,0.0513083632632119,percent
24021,county,"Frederick County, Maryland",2015,vac_oth_per,0.08396305625524769,percent
24031,county,"Montgomery County, Maryland",2015,vac_oth_per,0.005179736869367036,percent
24033,county,"Prince George's County, Maryland",2015,vac_oth_per,0.03235198964736331,percent
51013,county,"Arlington County, Virginia",2015,vac_oth_per,0,percent
51059,county,"Fairfax County, Virginia",2015,vac_oth_per,0,percent
51107,county,"Loudoun County, Virginia",2015,vac_oth_per,0,percent
51153,county,"Prince William County, Virginia",2015,vac_oth_per,0,percent
51510,county,"Alexandria city, Virginia",2015,vac_oth_per,0,percent
51600,county,"Fairfax city, Virginia",2015,vac_oth_per,0,percent
51610,county,"Falls Church city, Virginia",2015,vac_oth_per,0,percent
51683,county,"Manassas city, Virginia",2015,vac_oth_per,0,percent
51685,county,"Manassas Park city, Virginia",2015,vac_oth_per,0,percent
11001,county,District of Columbia,2015,vac_per,2.3236977615366685,percent
24017,county,"Charles County, Maryland",2015,vac_per,0.5138095104028829,percent
24021,county,"Frederick County, Maryland",2015,vac_per,0.8142390605881887,percent
24031,county,"Montgomery County, Maryland",2015,vac_per,1.0381901151538813,percent
24033,county,"Prince George's County, Maryland",2015,vac_per,1.6639557318491636,percent
51013,county,"Arlington County, Virginia",2015,vac_per,0.8226665156320798,percent
51059,county,"Fairfax County, Virginia",2015,vac_per,0.8070046510348405,percent
51107,county,"Loudoun County, Virginia",2015,vac_per,0.2493825528360505,percent
51153,county,"Prince William County, Virginia",2015,vac_per,0.5288132525691275,percent
51510,county,"Alexandria city, Virginia",2015,vac_per,0.5904581955597543,percent
51600,county,"Fairfax city, Virginia",2015,vac_per,1.259141494435612,percent
51610,county,"Falls Church city, Virginia",2015,vac_per,1.897137844061849,percent
51683,county,"Manassas city, Virginia",2015,vac_per,1.1213047910295617,percent
51685,county,"Manassas Park city, Virginia",2015,vac_per,1.5709225319574927,percent
11001,county,District of Columbia,2015,vac_res_12plus,5762,count
24017,county,"Charles County, Maryland",2015,vac_res_12plus,178,count
24021,county,"Frederick County, Maryland",2015,vac_res_12plus,344,count
24031,county,"Montgomery County, Maryland",2015,vac_res_12plus,1910,count
24033,county,"Prince George's County, Maryland",2015,vac_res_12plus,4088,count
51013,county,"Arlington County, Virginia",2015,vac_res_12plus,252,count
51059,county,"Fairfax County, Virginia",2015,vac_res_12plus,1006,count
51107,county,"Loudoun County, Virginia",2015,vac_res_12plus,86,count
51153,county,"Prince William County, Virginia",2015,vac_res_12plus,291,count
51510,county,"Alexandria city, Virginia",2015,vac_res_12plus,173,count
51600,county,"Fairfax city, Virginia",2015,vac_res_12plus,16,count
51610,county,"Falls Church city, Virginia",2015,vac_res_12plus,23,count
51683,county,"Manassas city, Virginia",2015,vac_res_12plus,47,count
51685,county,"Manassas Park city, Virginia",2015,vac_res_12plus,15,count
11001,county,District of Columbia,2015,vac_bus_12plus,2010,count
24017,county,"Charles County, Maryland",2015,vac_bus_12plus,86,count
24021,county,"Frederick County, Maryland",2015,vac_bus_12plus,318,count
24031,county,"Montgomery County, Maryland",2015,vac_bus_12plus,2038,count
24033,county,"Prince George's County, Maryland",2015,vac_bus_12plus,1919,count
51013,county,"Arlington County, Virginia",2015,vac_bus_12plus,687,count
51059,county,"Fairfax County, Virginia",2015,vac_bus_12plus,2473,count
51107,county,"Loudoun County, Virginia",2015,vac_bus_12plus,272,count
51153,county,"Prince William County, Virginia",2015,vac_bus_12plus,365,count
51510,county,"Alexandria city, Virginia",2015,vac_bus_12plus,317,count
51600,county,"Fairfax city, Virginia",2015,vac_bus_12plus,155,count
51610,county,"Falls Church city, Virginia",2015,vac_bus_12plus,75,count
51683,county,"Manassas city, Virginia",2015,vac_bus_12plus,115,count
51685,county,"Manassas Park city, Virginia",2015,vac_bus_12plus,83,count
11001,county,District of Columbia,2015,vac_oth_12plus,16,count
24017,county,"Charles County, Maryland",2015,vac_oth_12plus,1,count
24021,county,"Frederick County, Maryland",2015,vac_oth_12plus,2,count
24031,county,"Montgomery County, Maryland",2015,vac_oth_12plus,1,count
24033,county,"Prince George's County, Maryland",2015,vac_oth_12plus,6,count
51013,county,"Arlington County, Virginia",2015,vac_oth_12plus,0,count
51059,county,"Fairfax County, Virginia",2015,vac_oth_12plus,0,count
51107,county,"Loudoun County, Virginia",2015,vac_oth_12plus,0,count
51153,county,"Prince William County, Virginia",2015,vac_oth_12plus,0,count
51510,county,"Alexandria city, Virginia",2015,vac_oth_12plus,0,count
51600,county,"Fairfax city, Virginia",2015,vac_oth_12plus,0,count
51610,county,"Falls Church city, Virginia",2015,vac_oth_12plus,0,count
51683,county,"Manassas city, Virginia",2015,vac_oth_12plus,0,count
51685,county,"Manassas Park city, Virginia",2015,vac_oth_12plus,0,count
11001,county,District of Columbia,2015,vac_12plus,9782,count
24017,county,"Charles County, Maryland",2015,vac_12plus,350,count
24021,county,"Frederick County, Maryland",2015,vac_12plus,980,count
24031,county,"Montgomery County, Maryland",2015,vac_12plus,5986,count
24033,county,"Prince George's County, Maryland",2015,vac_12plus,7926,count
51013,county,"Arlington County, Virginia",2015,vac_12plus,1626,count
51059,county,"Fairfax County, Virginia",2015,vac_12plus,5952,count
51107,county,"Loudoun County, Virginia",2015,vac_12plus,630,count
51153,county,"Prince William County, Virginia",2015,vac_12plus,1021,count
51510,county,"Alexandria city, Virginia",2015,vac_12plus,807,count
51600,county,"Fairfax city, Virginia",2015,vac_12plus,326,count
51610,county,"Falls Church city, Virginia",2015,vac_12plus,173,count
51683,county,"Manassas city, Virginia",2015,vac_12plus,277,count
51685,county,"Manassas Park city, Virginia",2015,vac_12plus,181,count
11001,county,District of Columbia,2016,tot_adr,428640,count
24017,county,"Charles County, Maryland",2016,tot_adr,71833,count
24021,county,"Frederick County, Maryland",2016,tot_adr,114395,count
24031,county,"Montgomery County, Maryland",2016,tot_adr,479056,count
24033,county,"Prince George's County, Maryland",2016,tot_adr,438157,count
51013,county,"Arlington County, Virginia",2016,tot_adr,142212,count
51059,county,"Fairfax County, Virginia",2016,tot_adr,511098,count
51107,county,"Loudoun County, Virginia",2016,tot_adr,168728,count
51153,county,"Prince William County, Virginia",2016,tot_adr,179190,count
51510,county,"Alexandria city, Virginia",2016,tot_adr,98706,count
51600,county,"Fairfax city, Virginia",2016,tot_adr,15283,count
51610,county,"Falls Church city, Virginia",2016,tot_adr,9182,count
51683,county,"Manassas city, Virginia",2016,tot_adr,19827,count
51685,county,"Manassas Park city, Virginia",2016,tot_adr,6286,count
11001,county,District of Columbia,2016,vac_res_adr,7744,count
24017,county,"Charles County, Maryland",2016,vac_res_adr,265,count
24021,county,"Frederick County, Maryland",2016,vac_res_adr,591,count
24031,county,"Montgomery County, Maryland",2016,vac_res_adr,2694,count
24033,county,"Prince George's County, Maryland",2016,vac_res_adr,5191,count
51013,county,"Arlington County, Virginia",2016,vac_res_adr,457,count
51059,county,"Fairfax County, Virginia",2016,vac_res_adr,1433,count
51107,county,"Loudoun County, Virginia",2016,vac_res_adr,125,count
51153,county,"Prince William County, Virginia",2016,vac_res_adr,582,count
51510,county,"Alexandria city, Virginia",2016,vac_res_adr,214,count
51600,county,"Fairfax city, Virginia",2016,vac_res_adr,33,count
51610,county,"Falls Church city, Virginia",2016,vac_res_adr,37,count
51683,county,"Manassas city, Virginia",2016,vac_res_adr,74,count
51685,county,"Manassas Park city, Virginia",2016,vac_res_adr,15,count
11001,county,District of Columbia,2016,vac_bus_adr,2724,count
24017,county,"Charles County, Maryland",2016,vac_bus_adr,84,count
24021,county,"Frederick County, Maryland",2016,vac_bus_adr,434,count
24031,county,"Montgomery County, Maryland",2016,vac_bus_adr,2523,count
24033,county,"Prince George's County, Maryland",2016,vac_bus_adr,2228,count
51013,county,"Arlington County, Virginia",2016,vac_bus_adr,1029,count
51059,county,"Fairfax County, Virginia",2016,vac_bus_adr,2843,count
51107,county,"Loudoun County, Virginia",2016,vac_bus_adr,311,count
51153,county,"Prince William County, Virginia",2016,vac_bus_adr,420,count
51510,county,"Alexandria city, Virginia",2016,vac_bus_adr,360,count
51600,county,"Fairfax city, Virginia",2016,vac_bus_adr,197,count
51610,county,"Falls Church city, Virginia",2016,vac_bus_adr,169,count
51683,county,"Manassas city, Virginia",2016,vac_bus_adr,124,count
51685,county,"Manassas Park city, Virginia",2016,vac_bus_adr,84,count
11001,county,District of Columbia,2016,vac_oth_adr,19,count
24017,county,"Charles County, Maryland",2016,vac_oth_adr,1,count
24021,county,"Frederick County, Maryland",2016,vac_oth_adr,3,count
24031,county,"Montgomery County, Maryland",2016,vac_oth_adr,1,count
24033,county,"Prince George's County, Maryland",2016,vac_oth_adr,15,count
51013,county,"Arlington County, Virginia",2016,vac_oth_adr,2,count
51059,county,"Fairfax County, Virginia",2016,vac_oth_adr,0,count
51107,county,"Loudoun County, Virginia",2016,vac_oth_adr,0,count
51153,county,"Prince William County, Virginia",2016,vac_oth_adr,0,count
51510,county,"Alexandria city, Virginia",2016,vac_oth_adr,0,count
51600,county,"Fairfax city, Virginia",2016,vac_oth_adr,0,count
51610,county,"Falls Church city, Virginia",2016,vac_oth_adr,0,count
51683,county,"Manassas city, Virginia",2016,vac_oth_adr,0,count
51685,county,"Manassas Park city, Virginia",2016,vac_oth_adr,0,count
11001,county,District of Columbia,2016,vac_adr,10487,count
24017,county,"Charles County, Maryland",2016,vac_adr,350,count
24021,county,"Frederick County, Maryland",2016,vac_adr,1028,count
24031,county,"Montgomery County, Maryland",2016,vac_adr,5218,count
24033,county,"Prince George's County, Maryland",2016,vac_adr,7434,count
51013,county,"Arlington County, Virginia",2016,vac_adr,1488,count
51059,county,"Fairfax County, Virginia",2016,vac_adr,4276,count
51107,county,"Loudoun County, Virginia",2016,vac_adr,436,count
51153,county,"Prince William County, Virginia",2016,vac_adr,1002,count
51510,county,"Alexandria city, Virginia",2016,vac_adr,574,count
51600,county,"Fairfax city, Virginia",2016,vac_adr,230,count
51610,county,"Falls Church city, Virginia",2016,vac_adr,206,count
51683,county,"Manassas city, Virginia",2016,vac_adr,198,count
51685,county,"Manassas Park city, Virginia",2016,vac_adr,99,count
11001,county,District of Columbia,2016,vac_res_per,2.194974008378542,percent
24017,county,"Charles County, Maryland",2016,vac_res_per,0.41054082944739656,percent
24021,county,"Frederick County, Maryland",2016,vac_res_per,0.5847953216374269,percent
24031,county,"Montgomery County, Maryland",2016,vac_res_per,0.6379970586772573,percent
24033,county,"Prince George's County, Maryland",2016,vac_res_per,1.3702607745365372,percent
51013,county,"Arlington County, Virginia",2016,vac_res_per,0.37044842903926595,percent
51059,county,"Fairfax County, Virginia",2016,vac_res_per,0.32088531205144916,percent
51107,county,"Loudoun County, Virginia",2016,vac_res_per,0.08251533134856456,percent
51153,county,"Prince William County, Virginia",2016,vac_res_per,0.3567138199024247,percent
51510,county,"Alexandria city, Virginia",2016,vac_res_per,0.2501285707606714,percent
51600,county,"Fairfax city, Virginia",2016,vac_res_per,0.2974312753492564,percent
51610,county,"Falls Church city, Virginia",2016,vac_res_per,0.5146036161335188,percent
51683,county,"Manassas city, Virginia",2016,vac_res_per,0.4588009176018352,percent
51685,county,"Manassas Park city, Virginia",2016,vac_res_per,0.2695902228612509,percent
11001,county,District of Columbia,2016,vac_bus_per,7.089503682690055,percent
24017,county,"Charles County, Maryland",2016,vac_bus_per,1.5777610818933134,percent
24021,county,"Frederick County, Maryland",2016,vac_bus_per,4.471000309055321,percent
24031,county,"Montgomery County, Maryland",2016,vac_bus_per,6.786271450858035,percent
24033,county,"Prince George's County, Maryland",2016,vac_bus_per,7.116164681082117,percent
51013,county,"Arlington County, Virginia",2016,vac_bus_per,10.462633451957295,percent
51059,county,"Fairfax County, Virginia",2016,vac_bus_per,6.788929483964945,percent
51107,county,"Loudoun County, Virginia",2016,vac_bus_per,2.507255723960013,percent
51153,county,"Prince William County, Virginia",2016,vac_bus_per,3.7701974865350087,percent
51510,county,"Alexandria city, Virginia",2016,vac_bus_per,4.836109618484686,percent
51600,county,"Fairfax city, Virginia",2016,vac_bus_per,6.099071207430341,percent
51610,county,"Falls Church city, Virginia",2016,vac_bus_per,10.292326431181486,percent
51683,county,"Manassas city, Virginia",2016,vac_bus_per,4.343257443082312,percent
51685,county,"Manassas Park city, Virginia",2016,vac_bus_per,14.507772020725387,percent
11001,county,District of Columbia,2016,vac_oth_per,0.050787201625190445,percent
24017,county,"Charles County, Maryland",2016,vac_oth_per,0.05102040816326531,percent
24021,county,"Frederick County, Maryland",2016,vac_oth_per,0.0827129859387924,percent
24031,county,"Montgomery County, Maryland",2016,vac_oth_per,0.005097099750242112,percent
24033,county,"Prince George's County, Maryland",2016,vac_oth_per,0.053542744958058185,percent
51013,county,"Arlington County, Virginia",2016,vac_oth_per,0.022190169754798626,percent
51059,county,"Fairfax County, Virginia",2016,vac_oth_per,0,percent
51107,county,"Loudoun County, Virginia",2016,vac_oth_per,0,percent
51153,county,"Prince William County, Virginia",2016,vac_oth_per,0,percent
51510,county,"Alexandria city, Virginia",2016,vac_oth_per,0,percent
51600,county,"Fairfax city, Virginia",2016,vac_oth_per,0,percent
51610,county,"Falls Church city, Virginia",2016,vac_oth_per,0,percent
51683,county,"Manassas city, Virginia",2016,vac_oth_per,0,percent
51685,county,"Manassas Park city, Virginia",2016,vac_oth_per,0,percent
11001,county,District of Columbia,2016,vac_per,2.4465752146323254,percent
24017,county,"Charles County, Maryland",2016,vac_per,0.48724124009856196,percent
24021,county,"Frederick County, Maryland",2016,vac_per,0.8986406748546703,percent
24031,county,"Montgomery County, Maryland",2016,vac_per,1.0892254767709828,percent
24033,county,"Prince George's County, Maryland",2016,vac_per,1.6966521132835946,percent
51013,county,"Arlington County, Virginia",2016,vac_per,1.0463252046240823,percent
51059,county,"Fairfax County, Virginia",2016,vac_per,0.8366301570344631,percent
51107,county,"Loudoun County, Virginia",2016,vac_per,0.25840405860319565,percent
51153,county,"Prince William County, Virginia",2016,vac_per,0.5591829901222167,percent
51510,county,"Alexandria city, Virginia",2016,vac_per,0.581524932628209,percent
51600,county,"Fairfax city, Virginia",2016,vac_per,1.5049401295557157,percent
51610,county,"Falls Church city, Virginia",2016,vac_per,2.24351993029841,percent
51683,county,"Manassas city, Virginia",2016,vac_per,0.9986382206082615,percent
51685,county,"Manassas Park city, Virginia",2016,vac_per,1.5749284123448934,percent
11001,county,District of Columbia,2016,vac_res_12plus,5978,count
24017,county,"Charles County, Maryland",2016,vac_res_12plus,188,count
24021,county,"Frederick County, Maryland",2016,vac_res_12plus,342,count
24031,county,"Montgomery County, Maryland",2016,vac_res_12plus,1858,count
24033,county,"Prince George's County, Maryland",2016,vac_res_12plus,3837,count
51013,county,"Arlington County, Virginia",2016,vac_res_12plus,286,count
51059,county,"Fairfax County, Virginia",2016,vac_res_12plus,999,count
51107,county,"Loudoun County, Virginia",2016,vac_res_12plus,72,count
51153,county,"Prince William County, Virginia",2016,vac_res_12plus,365,count
51510,county,"Alexandria city, Virginia",2016,vac_res_12plus,166,count
51600,county,"Fairfax city, Virginia",2016,vac_res_12plus,19,count
51610,county,"Falls Church city, Virginia",2016,vac_res_12plus,31,count
51683,county,"Manassas city, Virginia",2016,vac_res_12plus,65,count
51685,county,"Manassas Park city, Virginia",2016,vac_res_12plus,14,count
11001,county,District of Columbia,2016,vac_bus_12plus,2076,count
24017,county,"Charles County, Maryland",2016,vac_bus_12plus,83,count
24021,county,"Frederick County, Maryland",2016,vac_bus_12plus,327,count
24031,county,"Montgomery County, Maryland",2016,vac_bus_12plus,2140,count
24033,county,"Prince George's County, Maryland",2016,vac_bus_12plus,1878,count
51013,county,"Arlington County, Virginia",2016,vac_bus_12plus,737,count
51059,county,"Fairfax County, Virginia",2016,vac_bus_12plus,2369,count
51107,county,"Loudoun County, Virginia",2016,vac_bus_12plus,288,count
51153,county,"Prince William County, Virginia",2016,vac_bus_12plus,401,count
51510,county,"Alexandria city, Virginia",2016,vac_bus_12plus,340,count
51600,county,"Fairfax city, Virginia",2016,vac_bus_12plus,134,count
51610,county,"Falls Church city, Virginia",2016,vac_bus_12plus,117,count
51683,county,"Manassas city, Virginia",2016,vac_bus_12plus,111,count
51685,county,"Manassas Park city, Virginia",2016,vac_bus_12plus,79,count
11001,county,District of Columbia,2016,vac_oth_12plus,17,count
24017,county,"Charles County, Maryland",2016,vac_oth_12plus,1,count
24021,county,"Frederick County, Maryland",2016,vac_oth_12plus,3,count
24031,county,"Montgomery County, Maryland",2016,vac_oth_12plus,1,count
24033,county,"Prince George's County, Maryland",2016,vac_oth_12plus,9,count
51013,county,"Arlington County, Virginia",2016,vac_oth_12plus,0,count
51059,county,"Fairfax County, Virginia",2016,vac_oth_12plus,0,count
51107,county,"Loudoun County, Virginia",2016,vac_oth_12plus,0,count
51153,county,"Prince William County, Virginia",2016,vac_oth_12plus,0,count
51510,county,"Alexandria city, Virginia",2016,vac_oth_12plus,0,count
51600,county,"Fairfax city, Virginia",2016,vac_oth_12plus,0,count
51610,county,"Falls Church city, Virginia",2016,vac_oth_12plus,0,count
51683,county,"Manassas city, Virginia",2016,vac_oth_12plus,0,count
51685,county,"Manassas Park city, Virginia",2016,vac_oth_12plus,0,count
11001,county,District of Columbia,2016,vac_12plus,10130,count
24017,county,"Charles County, Maryland",2016,vac_12plus,354,count
24021,county,"Frederick County, Maryland",2016,vac_12plus,996,count
24031,county,"Montgomery County, Maryland",2016,vac_12plus,6138,count
24033,county,"Prince George's County, Maryland",2016,vac_12plus,7593,count
51013,county,"Arlington County, Virginia",2016,vac_12plus,1760,count
51059,county,"Fairfax County, Virginia",2016,vac_12plus,5737,count
51107,county,"Loudoun County, Virginia",2016,vac_12plus,648,count
51153,county,"Prince William County, Virginia",2016,vac_12plus,1167,count
51510,county,"Alexandria city, Virginia",2016,vac_12plus,846,count
51600,county,"Fairfax city, Virginia",2016,vac_12plus,287,count
51610,county,"Falls Church city, Virginia",2016,vac_12plus,265,count
51683,county,"Manassas city, Virginia",2016,vac_12plus,287,count
51685,county,"Manassas Park city, Virginia",2016,vac_12plus,172,count
11001,county,District of Columbia,2017,tot_adr,439485,count
24017,county,"Charles County, Maryland",2017,tot_adr,73207,count
24021,county,"Frederick County, Maryland",2017,tot_adr,117361,count
24031,county,"Montgomery County, Maryland",2017,tot_adr,484964,count
24033,county,"Prince George's County, Maryland",2017,tot_adr,444005,count
51013,county,"Arlington County, Virginia",2017,tot_adr,143559,count
51059,county,"Fairfax County, Virginia",2017,tot_adr,513864,count
51107,county,"Loudoun County, Virginia",2017,tot_adr,172711,count
51153,county,"Prince William County, Virginia",2017,tot_adr,180869,count
51510,county,"Alexandria city, Virginia",2017,tot_adr,99200,count
51600,county,"Fairfax city, Virginia",2017,tot_adr,15422,count
51610,county,"Falls Church city, Virginia",2017,tot_adr,9632,count
51683,county,"Manassas city, Virginia",2017,tot_adr,19841,count
51685,county,"Manassas Park city, Virginia",2017,tot_adr,6656,count
11001,county,District of Columbia,2017,vac_res_adr,9128,count
24017,county,"Charles County, Maryland",2017,vac_res_adr,220,count
24021,county,"Frederick County, Maryland",2017,vac_res_adr,603,count
24031,county,"Montgomery County, Maryland",2017,vac_res_adr,2909,count
24033,county,"Prince George's County, Maryland",2017,vac_res_adr,5335,count
51013,county,"Arlington County, Virginia",2017,vac_res_adr,544,count
51059,county,"Fairfax County, Virginia",2017,vac_res_adr,1640,count
51107,county,"Loudoun County, Virginia",2017,vac_res_adr,118,count
51153,county,"Prince William County, Virginia",2017,vac_res_adr,513,count
51510,county,"Alexandria city, Virginia",2017,vac_res_adr,235,count
51600,county,"Fairfax city, Virginia",2017,vac_res_adr,42,count
51610,county,"Falls Church city, Virginia",2017,vac_res_adr,36,count
51683,county,"Manassas city, Virginia",2017,vac_res_adr,69,count
51685,county,"Manassas Park city, Virginia",2017,vac_res_adr,15,count
11001,county,District of Columbia,2017,vac_bus_adr,2779,count
24017,county,"Charles County, Maryland",2017,vac_bus_adr,86,count
24021,county,"Frederick County, Maryland",2017,vac_bus_adr,438,count
24031,county,"Montgomery County, Maryland",2017,vac_bus_adr,2510,count
24033,county,"Prince George's County, Maryland",2017,vac_bus_adr,2256,count
51013,county,"Arlington County, Virginia",2017,vac_bus_adr,1214,count
51059,county,"Fairfax County, Virginia",2017,vac_bus_adr,2942,count
51107,county,"Loudoun County, Virginia",2017,vac_bus_adr,346,count
51153,county,"Prince William County, Virginia",2017,vac_bus_adr,412,count
51510,county,"Alexandria city, Virginia",2017,vac_bus_adr,357,count
51600,county,"Fairfax city, Virginia",2017,vac_bus_adr,196,count
51610,county,"Falls Church city, Virginia",2017,vac_bus_adr,167,count
51683,county,"Manassas city, Virginia",2017,vac_bus_adr,124,count
51685,county,"Manassas Park city, Virginia",2017,vac_bus_adr,84,count
11001,county,District of Columbia,2017,vac_oth_adr,21,count
24017,county,"Charles County, Maryland",2017,vac_oth_adr,1,count
24021,county,"Frederick County, Maryland",2017,vac_oth_adr,3,count
24031,county,"Montgomery County, Maryland",2017,vac_oth_adr,2,count
24033,county,"Prince George's County, Maryland",2017,vac_oth_adr,16,count
51013,county,"Arlington County, Virginia",2017,vac_oth_adr,2,count
51059,county,"Fairfax County, Virginia",2017,vac_oth_adr,0,count
51107,county,"Loudoun County, Virginia",2017,vac_oth_adr,0,count
51153,county,"Prince William County, Virginia",2017,vac_oth_adr,0,count
51510,county,"Alexandria city, Virginia",2017,vac_oth_adr,0,count
51600,county,"Fairfax city, Virginia",2017,vac_oth_adr,0,count
51610,county,"Falls Church city, Virginia",2017,vac_oth_adr,0,count
51683,county,"Manassas city, Virginia",2017,vac_oth_adr,0,count
51685,county,"Manassas Park city, Virginia",2017,vac_oth_adr,0,count
11001,county,District of Columbia,2017,vac_adr,11928,count
24017,county,"Charles County, Maryland",2017,vac_adr,307,count
24021,county,"Frederick County, Maryland",2017,vac_adr,1044,count
24031,county,"Montgomery County, Maryland",2017,vac_adr,5421,count
24033,county,"Prince George's County, Maryland",2017,vac_adr,7607,count
51013,county,"Arlington County, Virginia",2017,vac_adr,1760,count
51059,county,"Fairfax County, Virginia",2017,vac_adr,4582,count
51107,county,"Loudoun County, Virginia",2017,vac_adr,464,count
51153,county,"Prince William County, Virginia",2017,vac_adr,925,count
51510,county,"Alexandria city, Virginia",2017,vac_adr,592,count
51600,county,"Fairfax city, Virginia",2017,vac_adr,238,count
51610,county,"Falls Church city, Virginia",2017,vac_adr,203,count
51683,county,"Manassas city, Virginia",2017,vac_adr,193,count
51685,county,"Manassas Park city, Virginia",2017,vac_adr,99,count
11001,county,District of Columbia,2017,vac_res_per,2.5171246098015643,percent
24017,county,"Charles County, Maryland",2017,vac_res_per,0.33473821949697974,percent
24021,county,"Frederick County, Maryland",2017,vac_res_per,0.5814906604692427,percent
24031,county,"Montgomery County, Maryland",2017,vac_res_per,0.6801909865925915,percent
24033,county,"Prince George's County, Maryland",2017,vac_res_per,1.3881516637004194,percent
51013,county,"Arlington County, Virginia",2017,vac_res_per,0.4353009898296405,percent
51059,county,"Fairfax County, Virginia",2017,vac_res_per,0.3643319063667001,percent
51107,county,"Loudoun County, Virginia",2017,vac_res_per,0.07598735261351415,percent
51153,county,"Prince William County, Virginia",2017,vac_res_per,0.3113638708659315,percent
51510,county,"Alexandria city, Virginia",2017,vac_res_per,0.27278003482298313,percent
51600,county,"Fairfax city, Virginia",2017,vac_res_per,0.37403152551429336,percent
51610,county,"Falls Church city, Virginia",2017,vac_res_per,0.4667444574095682,percent
51683,county,"Manassas city, Virginia",2017,vac_res_per,0.4260574251312133,percent
51685,county,"Manassas Park city, Virginia",2017,vac_res_per,0.2549286199864038,percent
11001,county,District of Columbia,2017,vac_bus_per,7.133139967658307,percent
24017,county,"Charles County, Maryland",2017,vac_bus_per,1.5664845173041893,percent
24021,county,"Frederick County, Maryland",2017,vac_bus_per,4.428715874620829,percent
24031,county,"Montgomery County, Maryland",2017,vac_bus_per,6.708897976639136,percent
24033,county,"Prince George's County, Maryland",2017,vac_bus_per,7.1630417526591526,percent
51013,county,"Arlington County, Virginia",2017,vac_bus_per,12.404209665883315,percent
51059,county,"Fairfax County, Virginia",2017,vac_bus_per,7.036257533722376,percent
51107,county,"Loudoun County, Virginia",2017,vac_bus_per,2.73582667826362,percent
51153,county,"Prince William County, Virginia",2017,vac_bus_per,3.677914658096768,percent
51510,county,"Alexandria city, Virginia",2017,vac_bus_per,4.8328144036821445,percent
51600,county,"Fairfax city, Virginia",2017,vac_bus_per,6.0606060606060606,percent
51610,county,"Falls Church city, Virginia",2017,vac_bus_per,10.25168815224064,percent
51683,county,"Manassas city, Virginia",2017,vac_bus_per,4.42225392296719,percent
51685,county,"Manassas Park city, Virginia",2017,vac_bus_per,14.457831325301203,percent
11001,county,District of Columbia,2017,vac_oth_per,0.055423594615993665,percent
24017,county,"Charles County, Maryland",2017,vac_oth_per,0.05015045135406219,percent
24021,county,"Frederick County, Maryland",2017,vac_oth_per,0.07953340402969247,percent
24031,county,"Montgomery County, Maryland",2017,vac_oth_per,0.010061880565477688,percent
24033,county,"Prince George's County, Maryland",2017,vac_oth_per,0.05676577024054495,percent
51013,county,"Arlington County, Virginia",2017,vac_oth_per,0.022724690376093624,percent
51059,county,"Fairfax County, Virginia",2017,vac_oth_per,0,percent
51107,county,"Loudoun County, Virginia",2017,vac_oth_per,0,percent
51153,county,"Prince William County, Virginia",2017,vac_oth_per,0,percent
51510,county,"Alexandria city, Virginia",2017,vac_oth_per,0,percent
51600,county,"Fairfax city, Virginia",2017,vac_oth_per,0,percent
51610,county,"Falls Church city, Virginia",2017,vac_oth_per,0,percent
51683,county,"Manassas city, Virginia",2017,vac_oth_per,0,percent
51685,county,"Manassas Park city, Virginia",2017,vac_oth_per,0,percent
11001,county,District of Columbia,2017,vac_per,2.7140858049762793,percent
24017,county,"Charles County, Maryland",2017,vac_per,0.4193588044859098,percent
24021,county,"Frederick County, Maryland",2017,vac_per,0.8895629723673112,percent
24031,county,"Montgomery County, Maryland",2017,vac_per,1.1178149305927862,percent
24033,county,"Prince George's County, Maryland",2017,vac_per,1.7132689947185282,percent
51013,county,"Arlington County, Virginia",2017,vac_per,1.2259767760990254,percent
51059,county,"Fairfax County, Virginia",2017,vac_per,0.8916756184515748,percent
51107,county,"Loudoun County, Virginia",2017,vac_per,0.2686568892543034,percent
51153,county,"Prince William County, Virginia",2017,vac_per,0.511419867417855,percent
51510,county,"Alexandria city, Virginia",2017,vac_per,0.5967741935483871,percent
51600,county,"Fairfax city, Virginia",2017,vac_per,1.5432499027363507,percent
51610,county,"Falls Church city, Virginia",2017,vac_per,2.1075581395348837,percent
51683,county,"Manassas city, Virginia",2017,vac_per,0.9727332291719168,percent
51685,county,"Manassas Park city, Virginia",2017,vac_per,1.4873798076923077,percent
11001,county,District of Columbia,2017,vac_res_12plus,6134,count
24017,county,"Charles County, Maryland",2017,vac_res_12plus,160,count
24021,county,"Frederick County, Maryland",2017,vac_res_12plus,405,count
24031,county,"Montgomery County, Maryland",2017,vac_res_12plus,1961,count
24033,county,"Prince George's County, Maryland",2017,vac_res_12plus,3903,count
51013,county,"Arlington County, Virginia",2017,vac_res_12plus,370,count
51059,county,"Fairfax County, Virginia",2017,vac_res_12plus,1134,count
51107,county,"Loudoun County, Virginia",2017,vac_res_12plus,96,count
51153,county,"Prince William County, Virginia",2017,vac_res_12plus,426,count
51510,county,"Alexandria city, Virginia",2017,vac_res_12plus,206,count
51600,county,"Fairfax city, Virginia",2017,vac_res_12plus,32,count
51610,county,"Falls Church city, Virginia",2017,vac_res_12plus,30,count
51683,county,"Manassas city, Virginia",2017,vac_res_12plus,66,count
51685,county,"Manassas Park city, Virginia",2017,vac_res_12plus,11,count
11001,county,District of Columbia,2017,vac_bus_12plus,2117,count
24017,county,"Charles County, Maryland",2017,vac_bus_12plus,82,count
24021,county,"Frederick County, Maryland",2017,vac_bus_12plus,378,count
24031,county,"Montgomery County, Maryland",2017,vac_bus_12plus,2140,count
24033,county,"Prince George's County, Maryland",2017,vac_bus_12plus,1994,count
51013,county,"Arlington County, Virginia",2017,vac_bus_12plus,965,count
51059,county,"Fairfax County, Virginia",2017,vac_bus_12plus,2479,count
51107,county,"Loudoun County, Virginia",2017,vac_bus_12plus,283,count
51153,county,"Prince William County, Virginia",2017,vac_bus_12plus,401,count
51510,county,"Alexandria city, Virginia",2017,vac_bus_12plus,322,count
51600,county,"Fairfax city, Virginia",2017,vac_bus_12plus,182,count
51610,county,"Falls Church city, Virginia",2017,vac_bus_12plus,156,count
51683,county,"Manassas city, Virginia",2017,vac_bus_12plus,118,count
51685,county,"Manassas Park city, Virginia",2017,vac_bus_12plus,84,count
11001,county,District of Columbia,2017,vac_oth_12plus,19,count
24017,county,"Charles County, Maryland",2017,vac_oth_12plus,1,count
24021,county,"Frederick County, Maryland",2017,vac_oth_12plus,3,count
24031,county,"Montgomery County, Maryland",2017,vac_oth_12plus,1,count
24033,county,"Prince George's County, Maryland",2017,vac_oth_12plus,15,count
51013,county,"Arlington County, Virginia",2017,vac_oth_12plus,2,count
51059,county,"Fairfax County, Virginia",2017,vac_oth_12plus,0,count
51107,county,"Loudoun County, Virginia",2017,vac_oth_12plus,0,count
51153,county,"Prince William County, Virginia",2017,vac_oth_12plus,0,count
51510,county,"Alexandria city, Virginia",2017,vac_oth_12plus,0,count
51600,county,"Fairfax city, Virginia",2017,vac_oth_12plus,0,count
51610,county,"Falls Church city, Virginia",2017,vac_oth_12plus,0,count
51683,county,"Manassas city, Virginia",2017,vac_oth_12plus,0,count
51685,county,"Manassas Park city, Virginia",2017,vac_oth_12plus,0,count
11001,county,District of Columbia,2017,vac_12plus,10368,count
24017,county,"Charles County, Maryland",2017,vac_12plus,324,count
24021,county,"Frederick County, Maryland",2017,vac_12plus,1161,count
24031,county,"Montgomery County, Maryland",2017,vac_12plus,6241,count
24033,county,"Prince George's County, Maryland",2017,vac_12plus,7891,count
51013,county,"Arlington County, Virginia",2017,vac_12plus,2300,count
51059,county,"Fairfax County, Virginia",2017,vac_12plus,6092,count
51107,county,"Loudoun County, Virginia",2017,vac_12plus,662,count
51153,county,"Prince William County, Virginia",2017,vac_12plus,1228,count
51510,county,"Alexandria city, Virginia",2017,vac_12plus,850,count
51600,county,"Fairfax city, Virginia",2017,vac_12plus,396,count
51610,county,"Falls Church city, Virginia",2017,vac_12plus,342,count
51683,county,"Manassas city, Virginia",2017,vac_12plus,302,count
51685,county,"Manassas Park city, Virginia",2017,vac_12plus,179,count
11001,county,District of Columbia,2018,tot_adr,446729,count
24017,county,"Charles County, Maryland",2018,tot_adr,74385,count
24021,county,"Frederick County, Maryland",2018,tot_adr,119842,count
24031,county,"Montgomery County, Maryland",2018,tot_adr,490299,count
24033,county,"Prince George's County, Maryland",2018,tot_adr,445030,count
51013,county,"Arlington County, Virginia",2018,tot_adr,144526,count
51059,county,"Fairfax County, Virginia",2018,tot_adr,518844,count
51107,county,"Loudoun County, Virginia",2018,tot_adr,176642,count
51153,county,"Prince William County, Virginia",2018,tot_adr,183340,count
51510,county,"Alexandria city, Virginia",2018,tot_adr,100221,count
51600,county,"Fairfax city, Virginia",2018,tot_adr,15491,count
51610,county,"Falls Church city, Virginia",2018,tot_adr,9625,count
51683,county,"Manassas city, Virginia",2018,tot_adr,19869,count
51685,county,"Manassas Park city, Virginia",2018,tot_adr,6402,count
11001,county,District of Columbia,2018,vac_res_adr,9605,count
24017,county,"Charles County, Maryland",2018,vac_res_adr,244,count
24021,county,"Frederick County, Maryland",2018,vac_res_adr,536,count
24031,county,"Montgomery County, Maryland",2018,vac_res_adr,3078,count
24033,county,"Prince George's County, Maryland",2018,vac_res_adr,5666,count
51013,county,"Arlington County, Virginia",2018,vac_res_adr,645,count
51059,county,"Fairfax County, Virginia",2018,vac_res_adr,1708,count
51107,county,"Loudoun County, Virginia",2018,vac_res_adr,137,count
51153,county,"Prince William County, Virginia",2018,vac_res_adr,561,count
51510,county,"Alexandria city, Virginia",2018,vac_res_adr,216,count
51600,county,"Fairfax city, Virginia",2018,vac_res_adr,44,count
51610,county,"Falls Church city, Virginia",2018,vac_res_adr,40,count
51683,county,"Manassas city, Virginia",2018,vac_res_adr,48,count
51685,county,"Manassas Park city, Virginia",2018,vac_res_adr,17,count
11001,county,District of Columbia,2018,vac_bus_adr,2890,count
24017,county,"Charles County, Maryland",2018,vac_bus_adr,81,count
24021,county,"Frederick County, Maryland",2018,vac_bus_adr,467,count
24031,county,"Montgomery County, Maryland",2018,vac_bus_adr,2596,count
24033,county,"Prince George's County, Maryland",2018,vac_bus_adr,2342,count
51013,county,"Arlington County, Virginia",2018,vac_bus_adr,1234,count
51059,county,"Fairfax County, Virginia",2018,vac_bus_adr,3250,count
51107,county,"Loudoun County, Virginia",2018,vac_bus_adr,335,count
51153,county,"Prince William County, Virginia",2018,vac_bus_adr,382,count
51510,county,"Alexandria city, Virginia",2018,vac_bus_adr,427,count
51600,county,"Fairfax city, Virginia",2018,vac_bus_adr,204,count
51610,county,"Falls Church city, Virginia",2018,vac_bus_adr,178,count
51683,county,"Manassas city, Virginia",2018,vac_bus_adr,117,count
51685,county,"Manassas Park city, Virginia",2018,vac_bus_adr,84,count
11001,county,District of Columbia,2018,vac_oth_adr,2,count
24017,county,"Charles County, Maryland",2018,vac_oth_adr,0,count
24021,county,"Frederick County, Maryland",2018,vac_oth_adr,0,count
24031,county,"Montgomery County, Maryland",2018,vac_oth_adr,0,count
24033,county,"Prince George's County, Maryland",2018,vac_oth_adr,2,count
51013,county,"Arlington County, Virginia",2018,vac_oth_adr,0,count
51059,county,"Fairfax County, Virginia",2018,vac_oth_adr,0,count
51107,county,"Loudoun County, Virginia",2018,vac_oth_adr,0,count
51153,county,"Prince William County, Virginia",2018,vac_oth_adr,0,count
51510,county,"Alexandria city, Virginia",2018,vac_oth_adr,0,count
51600,county,"Fairfax city, Virginia",2018,vac_oth_adr,0,count
51610,county,"Falls Church city, Virginia",2018,vac_oth_adr,0,count
51683,county,"Manassas city, Virginia",2018,vac_oth_adr,0,count
51685,county,"Manassas Park city, Virginia",2018,vac_oth_adr,0,count
11001,county,District of Columbia,2018,vac_adr,12497,count
24017,county,"Charles County, Maryland",2018,vac_adr,325,count
24021,county,"Frederick County, Maryland",2018,vac_adr,1003,count
24031,county,"Montgomery County, Maryland",2018,vac_adr,5674,count
24033,county,"Prince George's County, Maryland",2018,vac_adr,8010,count
51013,county,"Arlington County, Virginia",2018,vac_adr,1879,count
51059,county,"Fairfax County, Virginia",2018,vac_adr,4958,count
51107,county,"Loudoun County, Virginia",2018,vac_adr,472,count
51153,county,"Prince William County, Virginia",2018,vac_adr,943,count
51510,county,"Alexandria city, Virginia",2018,vac_adr,643,count
51600,county,"Fairfax city, Virginia",2018,vac_adr,248,count
51610,county,"Falls Church city, Virginia",2018,vac_adr,218,count
51683,county,"Manassas city, Virginia",2018,vac_adr,165,count
51685,county,"Manassas Park city, Virginia",2018,vac_adr,101,count
11001,county,District of Columbia,2018,vac_res_per,2.603404347590394,percent
24017,county,"Charles County, Maryland",2018,vac_res_per,0.3649525860779562,percent
24021,county,"Frederick County, Maryland",2018,vac_res_per,0.5057844376922641,percent
24031,county,"Montgomery County, Maryland",2018,vac_res_per,0.7114953422250988,percent
24033,county,"Prince George's County, Maryland",2018,vac_res_per,1.4704393930350066,percent
51013,county,"Arlington County, Virginia",2018,vac_res_per,0.5124375342618119,percent
51059,county,"Fairfax County, Virginia",2018,vac_res_per,0.37571326127029797,percent
51107,county,"Loudoun County, Virginia",2018,vac_res_per,0.0862655214971161,percent
51153,county,"Prince William County, Virginia",2018,vac_res_per,0.33572911866617994,percent
51510,county,"Alexandria city, Virginia",2018,vac_res_per,0.2479367302195847,percent
51600,county,"Fairfax city, Virginia",2018,vac_res_per,0.38807549832421945,percent
51610,county,"Falls Church city, Virginia",2018,vac_res_per,0.5184033177812338,percent
51683,county,"Manassas city, Virginia",2018,vac_res_per,0.2957850628543258,percent
51685,county,"Manassas Park city, Virginia",2018,vac_res_per,0.29945393693852385,percent
11001,county,District of Columbia,2018,vac_bus_per,7.326285902603494,percent
24017,county,"Charles County, Maryland",2018,vac_bus_per,1.470321292430568,percent
24021,county,"Frederick County, Maryland",2018,vac_bus_per,4.674674674674675,percent
24031,county,"Montgomery County, Maryland",2018,vac_bus_per,6.898201046953472,percent
24033,county,"Prince George's County, Maryland",2018,vac_bus_per,7.456698930208865,percent
51013,county,"Arlington County, Virginia",2018,vac_bus_per,12.633087633087634,percent
51059,county,"Fairfax County, Virginia",2018,vac_bus_per,7.75952631076306,percent
51107,county,"Loudoun County, Virginia",2018,vac_bus_per,2.595691926235859,percent
51153,county,"Prince William County, Virginia",2018,vac_bus_per,3.391937488900728,percent
51510,county,"Alexandria city, Virginia",2018,vac_bus_per,5.656378328255398,percent
51600,county,"Fairfax city, Virginia",2018,vac_bus_per,6.317745432022298,percent
51610,county,"Falls Church city, Virginia",2018,vac_bus_per,11.090342679127726,percent
51683,county,"Manassas city, Virginia",2018,vac_bus_per,4.17558886509636,percent
51685,county,"Manassas Park city, Virginia",2018,vac_bus_per,14.482758620689657,percent
11001,county,District of Columbia,2018,vac_oth_per,0.0052162119868551455,percent
24017,county,"Charles County, Maryland",2018,vac_oth_per,0,percent
24021,county,"Frederick County, Maryland",2018,vac_oth_per,0,percent
24031,county,"Montgomery County, Maryland",2018,vac_oth_per,0,percent
24033,county,"Prince George's County, Maryland",2018,vac_oth_per,0.007068386640749249,percent
51013,county,"Arlington County, Virginia",2018,vac_oth_per,0,percent
51059,county,"Fairfax County, Virginia",2018,vac_oth_per,0,percent
51107,county,"Loudoun County, Virginia",2018,vac_oth_per,0,percent
51153,county,"Prince William County, Virginia",2018,vac_oth_per,0,percent
51510,county,"Alexandria city, Virginia",2018,vac_oth_per,0,percent
51600,county,"Fairfax city, Virginia",2018,vac_oth_per,0,percent
51610,county,"Falls Church city, Virginia",2018,vac_oth_per,0,percent
51683,county,"Manassas city, Virginia",2018,vac_oth_per,0,percent
51685,county,"Manassas Park city, Virginia",2018,vac_oth_per,0,percent
11001,county,District of Columbia,2018,vac_per,2.7974454311226715,percent
24017,county,"Charles County, Maryland",2018,vac_per,0.43691604490152586,percent
24021,county,"Frederick County, Maryland",2018,vac_per,0.8369352981425543,percent
24031,county,"Montgomery County, Maryland",2018,vac_per,1.1572530231552585,percent
24033,county,"Prince George's County, Maryland",2018,vac_per,1.799878659865627,percent
51013,county,"Arlington County, Virginia",2018,vac_per,1.3001120905581003,percent
51059,county,"Fairfax County, Virginia",2018,vac_per,0.9555858793780018,percent
51107,county,"Loudoun County, Virginia",2018,vac_per,0.2672071194846073,percent
51153,county,"Prince William County, Virginia",2018,vac_per,0.5143449329115305,percent
51510,county,"Alexandria city, Virginia",2018,vac_per,0.641582103551152,percent
51600,county,"Fairfax city, Virginia",2018,vac_per,1.6009295720095538,percent
51610,county,"Falls Church city, Virginia",2018,vac_per,2.264935064935065,percent
51683,county,"Manassas city, Virginia",2018,vac_per,0.8304393779254114,percent
51685,county,"Manassas Park city, Virginia",2018,vac_per,1.5776319900031242,percent
11001,county,District of Columbia,2018,vac_res_12plus,6868,count
24017,county,"Charles County, Maryland",2018,vac_res_12plus,158,count
24021,county,"Frederick County, Maryland",2018,vac_res_12plus,423,count
24031,county,"Montgomery County, Maryland",2018,vac_res_12plus,2178,count
24033,county,"Prince George's County, Maryland",2018,vac_res_12plus,3928,count
51013,county,"Arlington County, Virginia",2018,vac_res_12plus,490,count
51059,county,"Fairfax County, Virginia",2018,vac_res_12plus,1320,count
51107,county,"Loudoun County, Virginia",2018,vac_res_12plus,108,count
51153,county,"Prince William County, Virginia",2018,vac_res_12plus,421,count
51510,county,"Alexandria city, Virginia",2018,vac_res_12plus,175,count
51600,county,"Fairfax city, Virginia",2018,vac_res_12plus,40,count
51610,county,"Falls Church city, Virginia",2018,vac_res_12plus,26,count
51683,county,"Manassas city, Virginia",2018,vac_res_12plus,45,count
51685,county,"Manassas Park city, Virginia",2018,vac_res_12plus,15,count
11001,county,District of Columbia,2018,vac_bus_12plus,2265,count
24017,county,"Charles County, Maryland",2018,vac_bus_12plus,74,count
24021,county,"Frederick County, Maryland",2018,vac_bus_12plus,416,count
24031,county,"Montgomery County, Maryland",2018,vac_bus_12plus,2225,count
24033,county,"Prince George's County, Maryland",2018,vac_bus_12plus,1988,count
51013,county,"Arlington County, Virginia",2018,vac_bus_12plus,1131,count
51059,county,"Fairfax County, Virginia",2018,vac_bus_12plus,2703,count
51107,county,"Loudoun County, Virginia",2018,vac_bus_12plus,315,count
51153,county,"Prince William County, Virginia",2018,vac_bus_12plus,334,count
51510,county,"Alexandria city, Virginia",2018,vac_bus_12plus,329,count
51600,county,"Fairfax city, Virginia",2018,vac_bus_12plus,193,count
51610,county,"Falls Church city, Virginia",2018,vac_bus_12plus,154,count
51683,county,"Manassas city, Virginia",2018,vac_bus_12plus,112,count
51685,county,"Manassas Park city, Virginia",2018,vac_bus_12plus,84,count
11001,county,District of Columbia,2018,vac_oth_12plus,0,count
24017,county,"Charles County, Maryland",2018,vac_oth_12plus,0,count
24021,county,"Frederick County, Maryland",2018,vac_oth_12plus,0,count
24031,county,"Montgomery County, Maryland",2018,vac_oth_12plus,0,count
24033,county,"Prince George's County, Maryland",2018,vac_oth_12plus,2,count
51013,county,"Arlington County, Virginia",2018,vac_oth_12plus,0,count
51059,county,"Fairfax County, Virginia",2018,vac_oth_12plus,0,count
51107,county,"Loudoun County, Virginia",2018,vac_oth_12plus,0,count
51153,county,"Prince William County, Virginia",2018,vac_oth_12plus,0,count
51510,county,"Alexandria city, Virginia",2018,vac_oth_12plus,0,count
51600,county,"Fairfax city, Virginia",2018,vac_oth_12plus,0,count
51610,county,"Falls Church city, Virginia",2018,vac_oth_12plus,0,count
51683,county,"Manassas city, Virginia",2018,vac_oth_12plus,0,count
51685,county,"Manassas Park city, Virginia",2018,vac_oth_12plus,0,count
11001,county,District of Columbia,2018,vac_12plus,11398,count
24017,county,"Charles County, Maryland",2018,vac_12plus,306,count
24021,county,"Frederick County, Maryland",2018,vac_12plus,1255,count
24031,county,"Montgomery County, Maryland",2018,vac_12plus,6628,count
24033,county,"Prince George's County, Maryland",2018,vac_12plus,7904,count
51013,county,"Arlington County, Virginia",2018,vac_12plus,2752,count
51059,county,"Fairfax County, Virginia",2018,vac_12plus,6726,count
51107,county,"Loudoun County, Virginia",2018,vac_12plus,738,count
51153,county,"Prince William County, Virginia",2018,vac_12plus,1089,count
51510,county,"Alexandria city, Virginia",2018,vac_12plus,833,count
51600,county,"Fairfax city, Virginia",2018,vac_12plus,426,count
51610,county,"Falls Church city, Virginia",2018,vac_12plus,334,count
51683,county,"Manassas city, Virginia",2018,vac_12plus,269,count
51685,county,"Manassas Park city, Virginia",2018,vac_12plus,183,count
11001,county,District of Columbia,2019,tot_adr,456974,count
24017,county,"Charles County, Maryland",2019,tot_adr,75403,count
24021,county,"Frederick County, Maryland",2019,tot_adr,121787,count
24031,county,"Montgomery County, Maryland",2019,tot_adr,494113,count
24033,county,"Prince George's County, Maryland",2019,tot_adr,449575,count
51013,county,"Arlington County, Virginia",2019,tot_adr,145804,count
51059,county,"Fairfax County, Virginia",2019,tot_adr,521968,count
51107,county,"Loudoun County, Virginia",2019,tot_adr,194952,count
51153,county,"Prince William County, Virginia",2019,tot_adr,184456,count
51510,county,"Alexandria city, Virginia",2019,tot_adr,100829,count
51600,county,"Fairfax city, Virginia",2019,tot_adr,15404,count
51610,county,"Falls Church city, Virginia",2019,tot_adr,9625,count
51683,county,"Manassas city, Virginia",2019,tot_adr,20089,count
51685,county,"Manassas Park city, Virginia",2019,tot_adr,6692,count
11001,county,District of Columbia,2019,vac_res_adr,10776,count
24017,county,"Charles County, Maryland",2019,vac_res_adr,207,count
24021,county,"Frederick County, Maryland",2019,vac_res_adr,471,count
24031,county,"Montgomery County, Maryland",2019,vac_res_adr,3019,count
24033,county,"Prince George's County, Maryland",2019,vac_res_adr,5291,count
51013,county,"Arlington County, Virginia",2019,vac_res_adr,632,count
51059,county,"Fairfax County, Virginia",2019,vac_res_adr,1774,count
51107,county,"Loudoun County, Virginia",2019,vac_res_adr,144,count
51153,county,"Prince William County, Virginia",2019,vac_res_adr,528,count
51510,county,"Alexandria city, Virginia",2019,vac_res_adr,244,count
51600,county,"Fairfax city, Virginia",2019,vac_res_adr,43,count
51610,county,"Falls Church city, Virginia",2019,vac_res_adr,39,count
51683,county,"Manassas city, Virginia",2019,vac_res_adr,69,count
51685,county,"Manassas Park city, Virginia",2019,vac_res_adr,11,count
11001,county,District of Columbia,2019,vac_bus_adr,3254,count
24017,county,"Charles County, Maryland",2019,vac_bus_adr,82,count
24021,county,"Frederick County, Maryland",2019,vac_bus_adr,478,count
24031,county,"Montgomery County, Maryland",2019,vac_bus_adr,2608,count
24033,county,"Prince George's County, Maryland",2019,vac_bus_adr,2342,count
51013,county,"Arlington County, Virginia",2019,vac_bus_adr,1169,count
51059,county,"Fairfax County, Virginia",2019,vac_bus_adr,3598,count
51107,county,"Loudoun County, Virginia",2019,vac_bus_adr,338,count
51153,county,"Prince William County, Virginia",2019,vac_bus_adr,419,count
51510,county,"Alexandria city, Virginia",2019,vac_bus_adr,596,count
51600,county,"Fairfax city, Virginia",2019,vac_bus_adr,220,count
51610,county,"Falls Church city, Virginia",2019,vac_bus_adr,191,count
51683,county,"Manassas city, Virginia",2019,vac_bus_adr,133,count
51685,county,"Manassas Park city, Virginia",2019,vac_bus_adr,88,count
11001,county,District of Columbia,2019,vac_oth_adr,8,count
24017,county,"Charles County, Maryland",2019,vac_oth_adr,0,count
24021,county,"Frederick County, Maryland",2019,vac_oth_adr,0,count
24031,county,"Montgomery County, Maryland",2019,vac_oth_adr,1,count
24033,county,"Prince George's County, Maryland",2019,vac_oth_adr,3,count
51013,county,"Arlington County, Virginia",2019,vac_oth_adr,0,count
51059,county,"Fairfax County, Virginia",2019,vac_oth_adr,0,count
51107,county,"Loudoun County, Virginia",2019,vac_oth_adr,0,count
51153,county,"Prince William County, Virginia",2019,vac_oth_adr,0,count
51510,county,"Alexandria city, Virginia",2019,vac_oth_adr,0,count
51600,county,"Fairfax city, Virginia",2019,vac_oth_adr,0,count
51610,county,"Falls Church city, Virginia",2019,vac_oth_adr,0,count
51683,county,"Manassas city, Virginia",2019,vac_oth_adr,0,count
51685,county,"Manassas Park city, Virginia",2019,vac_oth_adr,0,count
11001,county,District of Columbia,2019,vac_adr,14038,count
24017,county,"Charles County, Maryland",2019,vac_adr,289,count
24021,county,"Frederick County, Maryland",2019,vac_adr,949,count
24031,county,"Montgomery County, Maryland",2019,vac_adr,5628,count
24033,county,"Prince George's County, Maryland",2019,vac_adr,7636,count
51013,county,"Arlington County, Virginia",2019,vac_adr,1801,count
51059,county,"Fairfax County, Virginia",2019,vac_adr,5372,count
51107,county,"Loudoun County, Virginia",2019,vac_adr,482,count
51153,county,"Prince William County, Virginia",2019,vac_adr,947,count
51510,county,"Alexandria city, Virginia",2019,vac_adr,840,count
51600,county,"Fairfax city, Virginia",2019,vac_adr,263,count
51610,county,"Falls Church city, Virginia",2019,vac_adr,230,count
51683,county,"Manassas city, Virginia",2019,vac_adr,202,count
51685,county,"Manassas Park city, Virginia",2019,vac_adr,99,count
11001,county,District of Columbia,2019,vac_res_per,2.853473500244939,percent
24017,county,"Charles County, Maryland",2019,vac_res_per,0.30510722971479104,percent
24021,county,"Frederick County, Maryland",2019,vac_res_per,0.43719600490105076,percent
24031,county,"Montgomery County, Maryland",2019,vac_res_per,0.6924089593453422,percent
24033,county,"Prince George's County, Maryland",2019,vac_res_per,1.3575926144498556,percent
51013,county,"Arlington County, Virginia",2019,vac_res_per,0.49708591249085665,percent
51059,county,"Fairfax County, Virginia",2019,vac_res_per,0.38757318884907804,percent
51107,county,"Loudoun County, Virginia",2019,vac_res_per,0.08144243603375337,percent
51153,county,"Prince William County, Virginia",2019,vac_res_per,0.31405578058921146,percent
51510,county,"Alexandria city, Virginia",2019,vac_res_per,0.2781736305078949,percent
51600,county,"Fairfax city, Virginia",2019,vac_res_per,0.37759044608359676,percent
51610,county,"Falls Church city, Virginia",2019,vac_res_per,0.5044625533566163,percent
51683,county,"Manassas city, Virginia",2019,vac_res_per,0.4197335604355496,percent
51685,county,"Manassas Park city, Virginia",2019,vac_res_per,0.18459473065950663,percent
11001,county,District of Columbia,2019,vac_bus_per,8.026046419850529,percent
24017,county,"Charles County, Maryland",2019,vac_bus_per,1.48014440433213,percent
24021,county,"Frederick County, Maryland",2019,vac_bus_per,4.746772591857001,percent
24031,county,"Montgomery County, Maryland",2019,vac_bus_per,6.886354034643008,percent
24033,county,"Prince George's County, Maryland",2019,vac_bus_per,7.459311399178266,percent
51013,county,"Arlington County, Virginia",2019,vac_bus_per,11.937097927090779,percent
51059,county,"Fairfax County, Virginia",2019,vac_bus_per,8.542463021439255,percent
51107,county,"Loudoun County, Virginia",2019,vac_bus_per,2.5766122884586067,percent
51153,county,"Prince William County, Virginia",2019,vac_bus_per,3.7010864764596767,percent
51510,county,"Alexandria city, Virginia",2019,vac_bus_per,7.916057909416921,percent
51600,county,"Fairfax city, Virginia",2019,vac_bus_per,6.935687263556116,percent
51610,county,"Falls Church city, Virginia",2019,vac_bus_per,12.027707808564232,percent
51683,county,"Manassas city, Virginia",2019,vac_bus_per,4.721334753283635,percent
51685,county,"Manassas Park city, Virginia",2019,vac_bus_per,15.277777777777779,percent
11001,county,District of Columbia,2019,vac_oth_per,0.02062599907183004,percent
24017,county,"Charles County, Maryland",2019,vac_oth_per,0,percent
24021,county,"Frederick County, Maryland",2019,vac_oth_per,0,percent
24031,county,"Montgomery County, Maryland",2019,vac_oth_per,0.0049438868838680965,percent
24033,county,"Prince George's County, Maryland",2019,vac_oth_per,0.010547039797496835,percent
51013,county,"Arlington County, Virginia",2019,vac_oth_per,0,percent
51059,county,"Fairfax County, Virginia",2019,vac_oth_per,0,percent
51107,county,"Loudoun County, Virginia",2019,vac_oth_per,0,percent
51153,county,"Prince William County, Virginia",2019,vac_oth_per,0,percent
51510,county,"Alexandria city, Virginia",2019,vac_oth_per,0,percent
51600,county,"Fairfax city, Virginia",2019,vac_oth_per,0,percent
51610,county,"Falls Church city, Virginia",2019,vac_oth_per,0,percent
51683,county,"Manassas city, Virginia",2019,vac_oth_per,0,percent
51685,county,"Manassas Park city, Virginia",2019,vac_oth_per,0,percent
11001,county,District of Columbia,2019,vac_per,3.0719472004971835,percent
24017,county,"Charles County, Maryland",2019,vac_per,0.38327387504475946,percent
24021,county,"Frederick County, Maryland",2019,vac_per,0.7792293101891007,percent
24031,county,"Montgomery County, Maryland",2019,vac_per,1.1390107121245545,percent
24033,county,"Prince George's County, Maryland",2019,vac_per,1.6984930211866762,percent
51013,county,"Arlington County, Virginia",2019,vac_per,1.2352198842281419,percent
51059,county,"Fairfax County, Virginia",2019,vac_per,1.0291818655549765,percent
51107,county,"Loudoun County, Virginia",2019,vac_per,0.24724034634166359,percent
51153,county,"Prince William County, Virginia",2019,vac_per,0.5134015700221192,percent
51510,county,"Alexandria city, Virginia",2019,vac_per,0.8330936536115602,percent
51600,county,"Fairfax city, Virginia",2019,vac_per,1.7073487405868604,percent
51610,county,"Falls Church city, Virginia",2019,vac_per,2.38961038961039,percent
51683,county,"Manassas city, Virginia",2019,vac_per,1.0055254119169694,percent
51685,county,"Manassas Park city, Virginia",2019,vac_per,1.4793783622235506,percent
11001,county,District of Columbia,2019,vac_res_12plus,7425,count
24017,county,"Charles County, Maryland",2019,vac_res_12plus,163,count
24021,county,"Frederick County, Maryland",2019,vac_res_12plus,414,count
24031,county,"Montgomery County, Maryland",2019,vac_res_12plus,2380,count
24033,county,"Prince George's County, Maryland",2019,vac_res_12plus,4406,count
51013,county,"Arlington County, Virginia",2019,vac_res_12plus,477,count
51059,county,"Fairfax County, Virginia",2019,vac_res_12plus,1420,count
51107,county,"Loudoun County, Virginia",2019,vac_res_12plus,124,count
51153,county,"Prince William County, Virginia",2019,vac_res_12plus,439,count
51510,county,"Alexandria city, Virginia",2019,vac_res_12plus,187,count
51600,county,"Fairfax city, Virginia",2019,vac_res_12plus,41,count
51610,county,"Falls Church city, Virginia",2019,vac_res_12plus,31,count
51683,county,"Manassas city, Virginia",2019,vac_res_12plus,41,count
51685,county,"Manassas Park city, Virginia",2019,vac_res_12plus,10,count
11001,county,District of Columbia,2019,vac_bus_12plus,2463,count
24017,county,"Charles County, Maryland",2019,vac_bus_12plus,78,count
24021,county,"Frederick County, Maryland",2019,vac_bus_12plus,434,count
24031,county,"Montgomery County, Maryland",2019,vac_bus_12plus,2315,count
24033,county,"Prince George's County, Maryland",2019,vac_bus_12plus,2063,count
51013,county,"Arlington County, Virginia",2019,vac_bus_12plus,996,count
51059,county,"Fairfax County, Virginia",2019,vac_bus_12plus,2970,count
51107,county,"Loudoun County, Virginia",2019,vac_bus_12plus,303,count
51153,county,"Prince William County, Virginia",2019,vac_bus_12plus,321,count
51510,county,"Alexandria city, Virginia",2019,vac_bus_12plus,402,count
51600,county,"Fairfax city, Virginia",2019,vac_bus_12plus,153,count
51610,county,"Falls Church city, Virginia",2019,vac_bus_12plus,170,count
51683,county,"Manassas city, Virginia",2019,vac_bus_12plus,88,count
51685,county,"Manassas Park city, Virginia",2019,vac_bus_12plus,81,count
11001,county,District of Columbia,2019,vac_oth_12plus,3,count
24017,county,"Charles County, Maryland",2019,vac_oth_12plus,0,count
24021,county,"Frederick County, Maryland",2019,vac_oth_12plus,0,count
24031,county,"Montgomery County, Maryland",2019,vac_oth_12plus,1,count
24033,county,"Prince George's County, Maryland",2019,vac_oth_12plus,2,count
51013,county,"Arlington County, Virginia",2019,vac_oth_12plus,0,count
51059,county,"Fairfax County, Virginia",2019,vac_oth_12plus,0,count
51107,county,"Loudoun County, Virginia",2019,vac_oth_12plus,0,count
51153,county,"Prince William County, Virginia",2019,vac_oth_12plus,0,count
51510,county,"Alexandria city, Virginia",2019,vac_oth_12plus,0,count
51600,county,"Fairfax city, Virginia",2019,vac_oth_12plus,0,count
51610,county,"Falls Church city, Virginia",2019,vac_oth_12plus,0,count
51683,county,"Manassas city, Virginia",2019,vac_oth_12plus,0,count
51685,county,"Manassas Park city, Virginia",2019,vac_oth_12plus,0,count
11001,county,District of Columbia,2019,vac_12plus,12351,count
24017,county,"Charles County, Maryland",2019,vac_12plus,319,count
24021,county,"Frederick County, Maryland",2019,vac_12plus,1282,count
24031,county,"Montgomery County, Maryland",2019,vac_12plus,7010,count
24033,county,"Prince George's County, Maryland",2019,vac_12plus,8532,count
51013,county,"Arlington County, Virginia",2019,vac_12plus,2469,count
51059,county,"Fairfax County, Virginia",2019,vac_12plus,7360,count
51107,county,"Loudoun County, Virginia",2019,vac_12plus,730,count
51153,county,"Prince William County, Virginia",2019,vac_12plus,1081,count
51510,county,"Alexandria city, Virginia",2019,vac_12plus,991,count
51600,county,"Fairfax city, Virginia",2019,vac_12plus,347,count
51610,county,"Falls Church city, Virginia",2019,vac_12plus,371,count
51683,county,"Manassas city, Virginia",2019,vac_12plus,217,count
51685,county,"Manassas Park city, Virginia",2019,vac_12plus,172,count
11001,county,District of Columbia,2020,tot_adr,466584,count
24017,county,"Charles County, Maryland",2020,tot_adr,76233,count
24021,county,"Frederick County, Maryland",2020,tot_adr,124146,count
24031,county,"Montgomery County, Maryland",2020,tot_adr,497150,count
24033,county,"Prince George's County, Maryland",2020,tot_adr,452430,count
51013,county,"Arlington County, Virginia",2020,tot_adr,146069,count
51059,county,"Fairfax County, Virginia",2020,tot_adr,525053,count
51107,county,"Loudoun County, Virginia",2020,tot_adr,215550,count
51153,county,"Prince William County, Virginia",2020,tot_adr,194482,count
51510,county,"Alexandria city, Virginia",2020,tot_adr,101833,count
51600,county,"Fairfax city, Virginia",2020,tot_adr,15811,count
51610,county,"Falls Church city, Virginia",2020,tot_adr,9630,count
51683,county,"Manassas city, Virginia",2020,tot_adr,20271,count
51685,county,"Manassas Park city, Virginia",2020,tot_adr,6691,count
11001,county,District of Columbia,2020,vac_res_adr,10293,count
24017,county,"Charles County, Maryland",2020,vac_res_adr,199,count
24021,county,"Frederick County, Maryland",2020,vac_res_adr,494,count
24031,county,"Montgomery County, Maryland",2020,vac_res_adr,3063,count
24033,county,"Prince George's County, Maryland",2020,vac_res_adr,4931,count
51013,county,"Arlington County, Virginia",2020,vac_res_adr,587,count
51059,county,"Fairfax County, Virginia",2020,vac_res_adr,2019,count
51107,county,"Loudoun County, Virginia",2020,vac_res_adr,144,count
51153,county,"Prince William County, Virginia",2020,vac_res_adr,540,count
51510,county,"Alexandria city, Virginia",2020,vac_res_adr,291,count
51600,county,"Fairfax city, Virginia",2020,vac_res_adr,42,count
51610,county,"Falls Church city, Virginia",2020,vac_res_adr,34,count
51683,county,"Manassas city, Virginia",2020,vac_res_adr,58,count
51685,county,"Manassas Park city, Virginia",2020,vac_res_adr,11,count
11001,county,District of Columbia,2020,vac_bus_adr,3150,count
24017,county,"Charles County, Maryland",2020,vac_bus_adr,79,count
24021,county,"Frederick County, Maryland",2020,vac_bus_adr,489,count
24031,county,"Montgomery County, Maryland",2020,vac_bus_adr,2538,count
24033,county,"Prince George's County, Maryland",2020,vac_bus_adr,2175,count
51013,county,"Arlington County, Virginia",2020,vac_bus_adr,1164,count
51059,county,"Fairfax County, Virginia",2020,vac_bus_adr,3833,count
51107,county,"Loudoun County, Virginia",2020,vac_bus_adr,295,count
51153,county,"Prince William County, Virginia",2020,vac_bus_adr,418,count
51510,county,"Alexandria city, Virginia",2020,vac_bus_adr,465,count
51600,county,"Fairfax city, Virginia",2020,vac_bus_adr,227,count
51610,county,"Falls Church city, Virginia",2020,vac_bus_adr,186,count
51683,county,"Manassas city, Virginia",2020,vac_bus_adr,132,count
51685,county,"Manassas Park city, Virginia",2020,vac_bus_adr,92,count
11001,county,District of Columbia,2020,vac_oth_adr,0,count
24017,county,"Charles County, Maryland",2020,vac_oth_adr,0,count
24021,county,"Frederick County, Maryland",2020,vac_oth_adr,0,count
24031,county,"Montgomery County, Maryland",2020,vac_oth_adr,0,count
24033,county,"Prince George's County, Maryland",2020,vac_oth_adr,0,count
51013,county,"Arlington County, Virginia",2020,vac_oth_adr,0,count
51059,county,"Fairfax County, Virginia",2020,vac_oth_adr,0,count
51107,county,"Loudoun County, Virginia",2020,vac_oth_adr,0,count
51153,county,"Prince William County, Virginia",2020,vac_oth_adr,0,count
51510,county,"Alexandria city, Virginia",2020,vac_oth_adr,0,count
51600,county,"Fairfax city, Virginia",2020,vac_oth_adr,0,count
51610,county,"Falls Church city, Virginia",2020,vac_oth_adr,0,count
51683,county,"Manassas city, Virginia",2020,vac_oth_adr,0,count
51685,county,"Manassas Park city, Virginia",2020,vac_oth_adr,0,count
11001,county,District of Columbia,2020,vac_adr,13443,count
24017,county,"Charles County, Maryland",2020,vac_adr,278,count
24021,county,"Frederick County, Maryland",2020,vac_adr,983,count
24031,county,"Montgomery County, Maryland",2020,vac_adr,5601,count
24033,county,"Prince George's County, Maryland",2020,vac_adr,7106,count
51013,county,"Arlington County, Virginia",2020,vac_adr,1751,count
51059,county,"Fairfax County, Virginia",2020,vac_adr,5852,count
51107,county,"Loudoun County, Virginia",2020,vac_adr,439,count
51153,county,"Prince William County, Virginia",2020,vac_adr,958,count
51510,county,"Alexandria city, Virginia",2020,vac_adr,756,count
51600,county,"Fairfax city, Virginia",2020,vac_adr,269,count
51610,county,"Falls Church city, Virginia",2020,vac_adr,220,count
51683,county,"Manassas city, Virginia",2020,vac_adr,190,count
51685,county,"Manassas Park city, Virginia",2020,vac_adr,103,count
11001,county,District of Columbia,2020,vac_res_per,2.6633511700839394,percent
24017,county,"Charles County, Maryland",2020,vac_res_per,0.29002827411315474,percent
24021,county,"Frederick County, Maryland",2020,vac_res_per,0.4496754872243007,percent
24031,county,"Montgomery County, Maryland",2020,vac_res_per,0.6979017378049475,percent
24033,county,"Prince George's County, Maryland",2020,vac_res_per,1.2587398306534163,percent
51013,county,"Arlington County, Virginia",2020,vac_res_per,0.45953795689580934,percent
51059,county,"Fairfax County, Virginia",2020,vac_res_per,0.43799990888560586,percent
51107,county,"Loudoun County, Virginia",2020,vac_res_per,0.07305491294289541,percent
51153,county,"Prince William County, Virginia",2020,vac_res_per,0.3032498273160706,percent
51510,county,"Alexandria city, Virginia",2020,vac_res_per,0.32742984449895357,percent
51600,county,"Fairfax city, Virginia",2020,vac_res_per,0.35584173515207995,percent
51610,county,"Falls Church city, Virginia",2020,vac_res_per,0.44012944983818764,percent
51683,county,"Manassas city, Virginia",2020,vac_res_per,0.348935146191794,percent
51685,county,"Manassas Park city, Virginia",2020,vac_res_per,0.18462571332661967,percent
11001,county,District of Columbia,2020,vac_bus_per,7.689303324708295,percent
24017,county,"Charles County, Maryland",2020,vac_bus_per,1.4104624174254599,percent
24021,county,"Frederick County, Maryland",2020,vac_bus_per,4.771197189969753,percent
24031,county,"Montgomery County, Maryland",2020,vac_bus_per,6.688099504585223,percent
24033,county,"Prince George's County, Maryland",2020,vac_bus_per,6.761377766724695,percent
51013,county,"Arlington County, Virginia",2020,vac_bus_per,11.966690654878175,percent
51059,county,"Fairfax County, Virginia",2020,vac_bus_per,9.039667940191501,percent
51107,county,"Loudoun County, Virginia",2020,vac_bus_per,2.2006713912719134,percent
51153,county,"Prince William County, Virginia",2020,vac_bus_per,3.6580029754091186,percent
51510,county,"Alexandria city, Virginia",2020,vac_bus_per,6.183510638297872,percent
51600,county,"Fairfax city, Virginia",2020,vac_bus_per,7.160883280757098,percent
51610,county,"Falls Church city, Virginia",2020,vac_bus_per,11.610486891385769,percent
51683,county,"Manassas city, Virginia",2020,vac_bus_per,4.647887323943662,percent
51685,county,"Manassas Park city, Virginia",2020,vac_bus_per,15.944540727902945,percent
11001,county,District of Columbia,2020,vac_oth_per,0,percent
24017,county,"Charles County, Maryland",2020,vac_oth_per,0,percent
24021,county,"Frederick County, Maryland",2020,vac_oth_per,0,percent
24031,county,"Montgomery County, Maryland",2020,vac_oth_per,0,percent
24033,county,"Prince George's County, Maryland",2020,vac_oth_per,0,percent
51013,county,"Arlington County, Virginia",2020,vac_oth_per,0,percent
51059,county,"Fairfax County, Virginia",2020,vac_oth_per,0,percent
51107,county,"Loudoun County, Virginia",2020,vac_oth_per,0,percent
51153,county,"Prince William County, Virginia",2020,vac_oth_per,0,percent
51510,county,"Alexandria city, Virginia",2020,vac_oth_per,0,percent
51600,county,"Fairfax city, Virginia",2020,vac_oth_per,0,percent
51610,county,"Falls Church city, Virginia",2020,vac_oth_per,0,percent
51683,county,"Manassas city, Virginia",2020,vac_oth_per,0,percent
51685,county,"Manassas Park city, Virginia",2020,vac_oth_per,0,percent
11001,county,District of Columbia,2020,vac_per,2.881153232858392,percent
24017,county,"Charles County, Maryland",2020,vac_per,0.36467146773706927,percent
24021,county,"Frederick County, Maryland",2020,vac_per,0.7918096434842847,percent
24031,county,"Montgomery County, Maryland",2020,vac_per,1.1266217439404607,percent
24033,county,"Prince George's County, Maryland",2020,vac_per,1.5706297106734743,percent
51013,county,"Arlington County, Virginia",2020,vac_per,1.198748536650487,percent
51059,county,"Fairfax County, Virginia",2020,vac_per,1.1145541497715468,percent
51107,county,"Loudoun County, Virginia",2020,vac_per,0.20366504291347717,percent
51153,county,"Prince William County, Virginia",2020,vac_per,0.4925905739348629,percent
51510,county,"Alexandria city, Virginia",2020,vac_per,0.7423919554564826,percent
51600,county,"Fairfax city, Virginia",2020,vac_per,1.7013471633672759,percent
51610,county,"Falls Church city, Virginia",2020,vac_per,2.284527518172378,percent
51683,county,"Manassas city, Virginia",2020,vac_per,0.9372995905480735,percent
51685,county,"Manassas Park city, Virginia",2020,vac_per,1.5393812584068152,percent
11001,county,District of Columbia,2020,vac_res_12plus,8480,count
24017,county,"Charles County, Maryland",2020,vac_res_12plus,169,count
24021,county,"Frederick County, Maryland",2020,vac_res_12plus,352,count
24031,county,"Montgomery County, Maryland",2020,vac_res_12plus,2355,count
24033,county,"Prince George's County, Maryland",2020,vac_res_12plus,4278,count
51013,county,"Arlington County, Virginia",2020,vac_res_12plus,492,count
51059,county,"Fairfax County, Virginia",2020,vac_res_12plus,1408,count
51107,county,"Loudoun County, Virginia",2020,vac_res_12plus,125,count
51153,county,"Prince William County, Virginia",2020,vac_res_12plus,443,count
51510,county,"Alexandria city, Virginia",2020,vac_res_12plus,217,count
51600,county,"Fairfax city, Virginia",2020,vac_res_12plus,42,count
51610,county,"Falls Church city, Virginia",2020,vac_res_12plus,29,count
51683,county,"Manassas city, Virginia",2020,vac_res_12plus,44,count
51685,county,"Manassas Park city, Virginia",2020,vac_res_12plus,9,count
11001,county,District of Columbia,2020,vac_bus_12plus,2660,count
24017,county,"Charles County, Maryland",2020,vac_bus_12plus,78,count
24021,county,"Frederick County, Maryland",2020,vac_bus_12plus,451,count
24031,county,"Montgomery County, Maryland",2020,vac_bus_12plus,2220,count
24033,county,"Prince George's County, Maryland",2020,vac_bus_12plus,2099,count
51013,county,"Arlington County, Virginia",2020,vac_bus_12plus,1095,count
51059,county,"Fairfax County, Virginia",2020,vac_bus_12plus,3227,count
51107,county,"Loudoun County, Virginia",2020,vac_bus_12plus,264,count
51153,county,"Prince William County, Virginia",2020,vac_bus_12plus,388,count
51510,county,"Alexandria city, Virginia",2020,vac_bus_12plus,453,count
51600,county,"Fairfax city, Virginia",2020,vac_bus_12plus,208,count
51610,county,"Falls Church city, Virginia",2020,vac_bus_12plus,186,count
51683,county,"Manassas city, Virginia",2020,vac_bus_12plus,130,count
51685,county,"Manassas Park city, Virginia",2020,vac_bus_12plus,80,count
11001,county,District of Columbia,2020,vac_oth_12plus,0,count
24017,county,"Charles County, Maryland",2020,vac_oth_12plus,0,count
24021,county,"Frederick County, Maryland",2020,vac_oth_12plus,0,count
24031,county,"Montgomery County, Maryland",2020,vac_oth_12plus,0,count
24033,county,"Prince George's County, Maryland",2020,vac_oth_12plus,0,count
51013,county,"Arlington County, Virginia",2020,vac_oth_12plus,0,count
51059,county,"Fairfax County, Virginia",2020,vac_oth_12plus,0,count
51107,county,"Loudoun County, Virginia",2020,vac_oth_12plus,0,count
51153,county,"Prince William County, Virginia",2020,vac_oth_12plus,0,count
51510,county,"Alexandria city, Virginia",2020,vac_oth_12plus,0,count
51600,county,"Fairfax city, Virginia",2020,vac_oth_12plus,0,count
51610,county,"Falls Church city, Virginia",2020,vac_oth_12plus,0,count
51683,county,"Manassas city, Virginia",2020,vac_oth_12plus,0,count
51685,county,"Manassas Park city, Virginia",2020,vac_oth_12plus,0,count
11001,county,District of Columbia,2020,vac_12plus,13800,count
24017,county,"Charles County, Maryland",2020,vac_12plus,325,count
24021,county,"Frederick County, Maryland",2020,vac_12plus,1254,count
24031,county,"Montgomery County, Maryland",2020,vac_12plus,6795,count
24033,county,"Prince George's County, Maryland",2020,vac_12plus,8476,count
51013,county,"Arlington County, Virginia",2020,vac_12plus,2682,count
51059,county,"Fairfax County, Virginia",2020,vac_12plus,7862,count
51107,county,"Loudoun County, Virginia",2020,vac_12plus,653,count
51153,county,"Prince William County, Virginia",2020,vac_12plus,1219,count
51510,county,"Alexandria city, Virginia",2020,vac_12plus,1123,count
51600,county,"Fairfax city, Virginia",2020,vac_12plus,458,count
51610,county,"Falls Church city, Virginia",2020,vac_12plus,401,count
51683,county,"Manassas city, Virginia",2020,vac_12plus,304,count
51685,county,"Manassas Park city, Virginia",2020,vac_12plus,169,count
11001,county,District of Columbia,2021,tot_adr,473905,count
24017,county,"Charles County, Maryland",2021,tot_adr,76785,count
24021,county,"Frederick County, Maryland",2021,tot_adr,127698,count
24031,county,"Montgomery County, Maryland",2021,tot_adr,499943,count
24033,county,"Prince George's County, Maryland",2021,tot_adr,455027,count
51013,county,"Arlington County, Virginia",2021,tot_adr,147945,count
51059,county,"Fairfax County, Virginia",2021,tot_adr,526313,count
51107,county,"Loudoun County, Virginia",2021,tot_adr,217978,count
51153,county,"Prince William County, Virginia",2021,tot_adr,195344,count
51510,county,"Alexandria city, Virginia",2021,tot_adr,102120,count
51600,county,"Fairfax city, Virginia",2021,tot_adr,15900,count
51610,county,"Falls Church city, Virginia",2021,tot_adr,9641,count
51683,county,"Manassas city, Virginia",2021,tot_adr,20359,count
51685,county,"Manassas Park city, Virginia",2021,tot_adr,6688,count
11001,county,District of Columbia,2021,vac_res_adr,9643,count
24017,county,"Charles County, Maryland",2021,vac_res_adr,143,count
24021,county,"Frederick County, Maryland",2021,vac_res_adr,483,count
24031,county,"Montgomery County, Maryland",2021,vac_res_adr,3142,count
24033,county,"Prince George's County, Maryland",2021,vac_res_adr,4777,count
51013,county,"Arlington County, Virginia",2021,vac_res_adr,743,count
51059,county,"Fairfax County, Virginia",2021,vac_res_adr,2464,count
51107,county,"Loudoun County, Virginia",2021,vac_res_adr,217,count
51153,county,"Prince William County, Virginia",2021,vac_res_adr,648,count
51510,county,"Alexandria city, Virginia",2021,vac_res_adr,375,count
51600,county,"Fairfax city, Virginia",2021,vac_res_adr,63,count
51610,county,"Falls Church city, Virginia",2021,vac_res_adr,42,count
51683,county,"Manassas city, Virginia",2021,vac_res_adr,78,count
51685,county,"Manassas Park city, Virginia",2021,vac_res_adr,15,count
11001,county,District of Columbia,2021,vac_bus_adr,3451,count
24017,county,"Charles County, Maryland",2021,vac_bus_adr,77,count
24021,county,"Frederick County, Maryland",2021,vac_bus_adr,491,count
24031,county,"Montgomery County, Maryland",2021,vac_bus_adr,2577,count
24033,county,"Prince George's County, Maryland",2021,vac_bus_adr,2206,count
51013,county,"Arlington County, Virginia",2021,vac_bus_adr,1263,count
51059,county,"Fairfax County, Virginia",2021,vac_bus_adr,3904,count
51107,county,"Loudoun County, Virginia",2021,vac_bus_adr,311,count
51153,county,"Prince William County, Virginia",2021,vac_bus_adr,424,count
51510,county,"Alexandria city, Virginia",2021,vac_bus_adr,623,count
51600,county,"Fairfax city, Virginia",2021,vac_bus_adr,206,count
51610,county,"Falls Church city, Virginia",2021,vac_bus_adr,168,count
51683,county,"Manassas city, Virginia",2021,vac_bus_adr,132,count
51685,county,"Manassas Park city, Virginia",2021,vac_bus_adr,93,count
11001,county,District of Columbia,2021,vac_oth_adr,0,count
24017,county,"Charles County, Maryland",2021,vac_oth_adr,0,count
24021,county,"Frederick County, Maryland",2021,vac_oth_adr,0,count
24031,county,"Montgomery County, Maryland",2021,vac_oth_adr,0,count
24033,county,"Prince George's County, Maryland",2021,vac_oth_adr,0,count
51013,county,"Arlington County, Virginia",2021,vac_oth_adr,0,count
51059,county,"Fairfax County, Virginia",2021,vac_oth_adr,0,count
51107,county,"Loudoun County, Virginia",2021,vac_oth_adr,0,count
51153,county,"Prince William County, Virginia",2021,vac_oth_adr,0,count
51510,county,"Alexandria city, Virginia",2021,vac_oth_adr,0,count
51600,county,"Fairfax city, Virginia",2021,vac_oth_adr,0,count
51610,county,"Falls Church city, Virginia",2021,vac_oth_adr,0,count
51683,county,"Manassas city, Virginia",2021,vac_oth_adr,0,count
51685,county,"Manassas Park city, Virginia",2021,vac_oth_adr,0,count
11001,county,District of Columbia,2021,vac_adr,13094,count
24017,county,"Charles County, Maryland",2021,vac_adr,220,count
24021,county,"Frederick County, Maryland",2021,vac_adr,974,count
24031,county,"Montgomery County, Maryland",2021,vac_adr,5719,count
24033,county,"Prince George's County, Maryland",2021,vac_adr,6983,count
51013,county,"Arlington County, Virginia",2021,vac_adr,2006,count
51059,county,"Fairfax County, Virginia",2021,vac_adr,6368,count
51107,county,"Loudoun County, Virginia",2021,vac_adr,528,count
51153,county,"Prince William County, Virginia",2021,vac_adr,1072,count
51510,county,"Alexandria city, Virginia",2021,vac_adr,998,count
51600,county,"Fairfax city, Virginia",2021,vac_adr,269,count
51610,county,"Falls Church city, Virginia",2021,vac_adr,210,count
51683,county,"Manassas city, Virginia",2021,vac_adr,210,count
51685,county,"Manassas Park city, Virginia",2021,vac_adr,108,count
11001,county,District of Columbia,2021,vac_res_per,2.445761069712941,percent
24017,county,"Charles County, Maryland",2021,vac_res_per,0.20672507011304828,percent
24021,county,"Frederick County, Maryland",2021,vac_res_per,0.4267463024155784,percent
24031,county,"Montgomery County, Maryland",2021,vac_res_per,0.7112362653531508,percent
24033,county,"Prince George's County, Maryland",2021,vac_res_per,1.210454965855389,percent
51013,county,"Arlington County, Virginia",2021,vac_res_per,0.5727809556114032,percent
51059,county,"Fairfax County, Virginia",2021,vac_res_per,0.532742934237382,percent
51107,county,"Loudoun County, Virginia",2021,vac_res_per,0.1088390335896317,percent
51153,county,"Prince William County, Virginia",2021,vac_res_per,0.3621730382293763,percent
51510,county,"Alexandria city, Virginia",2021,vac_res_per,0.41914427504806184,percent
51600,county,"Fairfax city, Virginia",2021,vac_res_per,0.5313317027915999,percent
51610,county,"Falls Church city, Virginia",2021,vac_res_per,0.5402624131721122,percent
51683,county,"Manassas city, Virginia",2021,vac_res_per,0.4670099389294695,percent
51685,county,"Manassas Park city, Virginia",2021,vac_res_per,0.25176233635448136,percent
11001,county,District of Columbia,2021,vac_bus_per,8.459784766994337,percent
24017,county,"Charles County, Maryland",2021,vac_bus_per,1.3801756587202008,percent
24021,county,"Frederick County, Maryland",2021,vac_bus_per,4.754066615027111,percent
24031,county,"Montgomery County, Maryland",2021,vac_bus_per,6.805397839807748,percent
24033,county,"Prince George's County, Maryland",2021,vac_bus_per,6.869919965120987,percent
51013,county,"Arlington County, Virginia",2021,vac_bus_per,13.096225632517628,percent
51059,county,"Fairfax County, Virginia",2021,vac_bus_per,9.256229698650923,percent
51107,county,"Loudoun County, Virginia",2021,vac_bus_per,2.2952029520295203,percent
51153,county,"Prince William County, Virginia",2021,vac_bus_per,3.7173417499561636,percent
51510,county,"Alexandria city, Virginia",2021,vac_bus_per,8.656384604696402,percent
51600,county,"Fairfax city, Virginia",2021,vac_bus_per,6.427457098283932,percent
51610,county,"Falls Church city, Virginia",2021,vac_bus_per,10.714285714285714,percent
51683,county,"Manassas city, Virginia",2021,vac_bus_per,4.638088545326775,percent
51685,county,"Manassas Park city, Virginia",2021,vac_bus_per,16.202090592334496,percent
11001,county,District of Columbia,2021,vac_oth_per,0,percent
24017,county,"Charles County, Maryland",2021,vac_oth_per,0,percent
24021,county,"Frederick County, Maryland",2021,vac_oth_per,0,percent
24031,county,"Montgomery County, Maryland",2021,vac_oth_per,0,percent
24033,county,"Prince George's County, Maryland",2021,vac_oth_per,0,percent
51013,county,"Arlington County, Virginia",2021,vac_oth_per,0,percent
51059,county,"Fairfax County, Virginia",2021,vac_oth_per,0,percent
51107,county,"Loudoun County, Virginia",2021,vac_oth_per,0,percent
51153,county,"Prince William County, Virginia",2021,vac_oth_per,0,percent
51510,county,"Alexandria city, Virginia",2021,vac_oth_per,0,percent
51600,county,"Fairfax city, Virginia",2021,vac_oth_per,0,percent
51610,county,"Falls Church city, Virginia",2021,vac_oth_per,0,percent
51683,county,"Manassas city, Virginia",2021,vac_oth_per,0,percent
51685,county,"Manassas Park city, Virginia",2021,vac_oth_per,0,percent
11001,county,District of Columbia,2021,vac_per,2.7630010234118654,percent
24017,county,"Charles County, Maryland",2021,vac_per,0.2865142931562154,percent
24021,county,"Frederick County, Maryland",2021,vac_per,0.7627370828047425,percent
24031,county,"Montgomery County, Maryland",2021,vac_per,1.1439304080665196,percent
24033,county,"Prince George's County, Maryland",2021,vac_per,1.5346342085194944,percent
51013,county,"Arlington County, Virginia",2021,vac_per,1.3559092906147554,percent
51059,county,"Fairfax County, Virginia",2021,vac_per,1.209926412609987,percent
51107,county,"Loudoun County, Virginia",2021,vac_per,0.24222627971630162,percent
51153,county,"Prince William County, Virginia",2021,vac_per,0.5487754934884101,percent
51510,county,"Alexandria city, Virginia",2021,vac_per,0.9772816294555425,percent
51600,county,"Fairfax city, Virginia",2021,vac_per,1.6918238993710693,percent
51610,county,"Falls Church city, Virginia",2021,vac_per,2.178197282439581,percent
51683,county,"Manassas city, Virginia",2021,vac_per,1.0314848469964144,percent
51685,county,"Manassas Park city, Virginia",2021,vac_per,1.6148325358851676,percent
11001,county,District of Columbia,2021,vac_res_12plus,7968,count
24017,county,"Charles County, Maryland",2021,vac_res_12plus,117,count
24021,county,"Frederick County, Maryland",2021,vac_res_12plus,409,count
24031,county,"Montgomery County, Maryland",2021,vac_res_12plus,2618,count
24033,county,"Prince George's County, Maryland",2021,vac_res_12plus,4328,count
51013,county,"Arlington County, Virginia",2021,vac_res_12plus,476,count
51059,county,"Fairfax County, Virginia",2021,vac_res_12plus,1673,count
51107,county,"Loudoun County, Virginia",2021,vac_res_12plus,143,count
51153,county,"Prince William County, Virginia",2021,vac_res_12plus,472,count
51510,county,"Alexandria city, Virginia",2021,vac_res_12plus,260,count
51600,county,"Fairfax city, Virginia",2021,vac_res_12plus,41,count
51610,county,"Falls Church city, Virginia",2021,vac_res_12plus,29,count
51683,county,"Manassas city, Virginia",2021,vac_res_12plus,55,count
51685,county,"Manassas Park city, Virginia",2021,vac_res_12plus,11,count
11001,county,District of Columbia,2021,vac_bus_12plus,2802,count
24017,county,"Charles County, Maryland",2021,vac_bus_12plus,75,count
24021,county,"Frederick County, Maryland",2021,vac_bus_12plus,469,count
24031,county,"Montgomery County, Maryland",2021,vac_bus_12plus,2432,count
24033,county,"Prince George's County, Maryland",2021,vac_bus_12plus,2041,count
51013,county,"Arlington County, Virginia",2021,vac_bus_12plus,1097,count
51059,county,"Fairfax County, Virginia",2021,vac_bus_12plus,3647,count
51107,county,"Loudoun County, Virginia",2021,vac_bus_12plus,265,count
51153,county,"Prince William County, Virginia",2021,vac_bus_12plus,392,count
51510,county,"Alexandria city, Virginia",2021,vac_bus_12plus,380,count
51600,county,"Fairfax city, Virginia",2021,vac_bus_12plus,196,count
51610,county,"Falls Church city, Virginia",2021,vac_bus_12plus,160,count
51683,county,"Manassas city, Virginia",2021,vac_bus_12plus,130,count
51685,county,"Manassas Park city, Virginia",2021,vac_bus_12plus,88,count
11001,county,District of Columbia,2021,vac_oth_12plus,0,count
24017,county,"Charles County, Maryland",2021,vac_oth_12plus,0,count
24021,county,"Frederick County, Maryland",2021,vac_oth_12plus,0,count
24031,county,"Montgomery County, Maryland",2021,vac_oth_12plus,0,count
24033,county,"Prince George's County, Maryland",2021,vac_oth_12plus,0,count
51013,county,"Arlington County, Virginia",2021,vac_oth_12plus,0,count
51059,county,"Fairfax County, Virginia",2021,vac_oth_12plus,0,count
51107,county,"Loudoun County, Virginia",2021,vac_oth_12plus,0,count
51153,county,"Prince William County, Virginia",2021,vac_oth_12plus,0,count
51510,county,"Alexandria city, Virginia",2021,vac_oth_12plus,0,count
51600,county,"Fairfax city, Virginia",2021,vac_oth_12plus,0,count
51610,county,"Falls Church city, Virginia",2021,vac_oth_12plus,0,count
51683,county,"Manassas city, Virginia",2021,vac_oth_12plus,0,count
51685,county,"Manassas Park city, Virginia",2021,vac_oth_12plus,0,count
11001,county,District of Columbia,2021,vac_12plus,13572,count
24017,county,"Charles County, Maryland",2021,vac_12plus,267,count
24021,county,"Frederick County, Maryland",2021,vac_12plus,1347,count
24031,county,"Montgomery County, Maryland",2021,vac_12plus,7482,count
24033,county,"Prince George's County, Maryland",2021,vac_12plus,8410,count
51013,county,"Arlington County, Virginia",2021,vac_12plus,2670,count
51059,county,"Fairfax County, Virginia",2021,vac_12plus,8967,count
51107,county,"Loudoun County, Virginia",2021,vac_12plus,673,count
51153,county,"Prince William County, Virginia",2021,vac_12plus,1256,count
51510,county,"Alexandria city, Virginia",2021,vac_12plus,1020,count
51600,county,"Fairfax city, Virginia",2021,vac_12plus,433,count
51610,county,"Falls Church city, Virginia",2021,vac_12plus,349,count
51683,county,"Manassas city, Virginia",2021,vac_12plus,315,count
51685,county,"Manassas Park city, Virginia",2021,vac_12plus,187,count
